ProductID,ProductCategoryID
1,11
1,20
1,14
1,22
1,3
1,9
1,2
1,16
1,12
1,15
1,10
1,18
1,8
1,21
1,19
1,13
1,7
1,6
2,11
2,20
2,14
2,22
2,3
2,9
2,2
2,16
2,12
2,15
2,10
2,18
2,8
2,21
2,19
2,13
2,7
3,11
3,20
3,14
3,22
3,3
4,11
4,20
4,14
4,22
4,3
5,11
5,20
5,14
5,22
6,11
6,20
6,14
6,22
6,3
6,9
6,2
6,16
6,12
6,15
6,10
6,18
6,8
6,21
6,19
6,13
6,7
6,6
7,11
7,20
7,14
7,22
7,3
7,9
7,2
7,16
7,12
7,15
7,10
8,11
8,20
8,14
8,22
8,3
8,9
8,2
8,16
8,12
8,15
8,10
8,18
8,8
8,21
9,11
9,20
9,14
9,22
9,3
9,9
9,2
9,16
9,12
9,15
9,10
9,18
9,8
9,21
10,11
10,20
10,14
10,22
10,3
10,9
10,2
11,11
11,20
11,14
11,22
11,3
11,9
11,2
11,16
11,12
11,15
11,10
11,18
11,8
11,21
11,19
11,13
11,7
12,11
12,20
12,14
12,22
12,3
12,9
12,2
12,16
12,12
12,15
12,10
12,18
12,8
12,21
12,19
12,13
12,7
12,6
12,5
13,11
13,20
13,14
13,22
13,3
13,9
13,2
13,16
13,12
13,15
13,10
13,18
13,8
13,21
13,19
13,13
13,7
13,6
13,5
13,17
14,11
14,20
14,14
14,22
14,3
14,9
15,11
15,20
15,14
15,22
15,3
15,9
15,2
15,16
15,12
15,15
15,10
15,18
15,8
15,21
15,19
16,11
16,20
16,14
16,22
17,11
17,20
17,14
17,22
17,3
17,9
17,2
17,16
17,12
17,15
17,10
17,18
17,8
17,21
17,19
17,13
17,7
17,6
17,5
17,17
18,11
18,20
18,14
18,22
18,3
18,9
18,2
18,16
18,12
18,15
18,10
19,11
19,20
19,14
19,22
19,3
19,9
19,2
19,16
19,12
20,11
20,20
20,14
20,22
20,3
20,9
20,2
20,16
20,12
20,15
20,10
20,18
20,8
20,21
20,19
20,13
20,7
20,6
20,5
20,17
20,1
20,4
21,11
21,20
21,14
21,22
21,3
21,9
21,2
21,16
21,12
21,15
21,10
21,18
21,8
21,21
21,19
21,13
22,11
22,20
22,14
22,22
22,3
22,9
22,2
22,16
22,12
22,15
22,10
22,18
22,8
22,21
22,19
22,13
22,7
22,6
22,5
22,17
22,1
23,11
23,20
23,14
23,22
23,3
24,11
24,20
24,14
24,22
24,3
24,9
24,2
24,16
24,12
24,15
24,10
24,18
24,8
24,21
24,19
24,13
25,11
25,20
25,14
25,22
25,3
25,9
25,2
25,16
25,12
25,15
25,10
25,18
25,8
25,21
25,19
25,13
25,7
25,6
25,5
25,17
25,1
25,4
26,11
26,20
26,14
26,22
26,3
26,9
26,2
26,16
26,12
26,15
26,10
26,18
26,8
26,21
26,19
26,13
26,7
26,6
26,5
27,11
28,11
28,20
28,14
28,22
28,3
29,11
29,20
29,14
29,22
29,3
29,9
29,2
29,16
29,12
29,15
29,10
29,18
29,8
29,21
29,19
29,13
29,7
29,6
29,5
30,11
30,20
30,14
30,22
30,3
30,9
30,2
30,16
30,12
30,15
30,10
30,18
30,8
30,21
31,11
31,20
31,14
31,22
31,3
31,9
31,2
31,16
31,12
31,15
31,10
31,18
31,8
31,21
31,19
31,13
32,11
32,20
32,14
32,22
32,3
32,9
33,11
34,11
34,20
34,14
34,22
34,3
34,9
34,2
34,16
34,12
34,15
34,10
34,18
35,11
35,20
35,14
35,22
35,3
35,9
35,2
35,16
35,12
35,15
35,10
35,18
35,8
35,21
35,19
35,13
35,7
36,11
36,20
36,14
36,22
37,11
37,20
37,14
37,22
37,3
37,9
37,2
37,16
37,12
37,15
37,10
37,18
37,8
37,21
37,19
37,13
37,7
37,6
37,5
37,17
38,11
38,20
38,14
38,22
38,3
38,9
38,2
38,16
38,12
38,15
39,11
39,20
39,14
39,22
39,3
39,9
39,2
39,16
39,12
39,15
39,10
39,18
39,8
39,21
39,19
39,13
39,7
39,6
39,5
39,17
39,1
39,4
40,11
41,11
41,20
41,14
41,22
41,3
41,9
41,2
41,16
41,12
41,15
41,10
41,18
41,8
41,21
41,19
41,13
41,7
41,6
41,5
41,17
41,1
41,4
42,11
42,20
42,14
42,22
42,3
42,9
42,2
42,16
42,12
42,15
42,10
43,11
43,20
43,14
43,22
43,3
43,9
43,2
43,16
43,12
43,15
43,10
43,18
43,8
43,21
43,19
43,13
43,7
43,6
43,5
44,11
44,20
44,14
44,22
44,3
44,9
44,2
44,16
44,12
44,15
44,10
44,18
44,8
45,11
45,20
45,14
45,22
45,3
45,9
45,2
46,11
46,20
46,14
46,22
46,3
46,9
46,2
46,16
46,12
46,15
46,10
46,18
46,8
46,21
46,19
46,13
46,7
46,6
46,5
46,17
46,1
47,11
47,20
47,14
47,22
47,3
47,9
47,2
47,16
47,12
47,15
47,10
47,18
47,8
47,21
47,19
48,11
48,20
48,14
48,22
48,3
48,9
48,2
48,16
48,12
48,15
48,10
48,18
48,8
48,21
48,19
48,13
48,7
48,6
48,5
49,11
49,20
49,14
49,22
49,3
49,9
49,2
49,16
49,12
49,15
49,10
49,18
49,8
49,21
49,19
49,13
49,7
50,11
50,20
50,14
50,22
50,3
50,9
50,2
50,16
50,12
50,15
50,10
50,18
50,8
50,21
50,19
50,13
50,7
51,11
51,20
51,14
51,22
51,3
51,9
51,2
51,16
51,12
51,15
51,10
51,18
51,8
51,21
51,19
51,13
51,7
51,6
51,5
51,17
51,1
52,11
52,20
52,14
53,11
53,20
53,14
53,22
53,3
53,9
53,2
53,16
53,12
53,15
54,11
54,20
54,14
54,22
55,11
55,20
55,14
55,22
55,3
55,9
55,2
55,16
55,12
55,15
55,10
55,18
55,8
55,21
55,19
55,13
55,7
55,6
55,5
55,17
56,11
56,20
56,14
56,22
57,11
57,20
57,14
57,22
57,3
58,11
58,20
58,14
58,22
58,3
58,9
58,2
58,16
58,12
58,15
58,10
58,18
58,8
59,11
59,20
59,14
59,22
59,3
59,9
59,2
59,16
59,12
59,15
59,10
59,18
59,8
59,21
59,19
59,13
59,7
59,6
60,11
60,20
60,14
60,22
60,3
60,9
60,2
60,16
60,12
60,15
60,10
60,18
60,8
60,21
60,19
60,13
60,7
61,11
61,20
62,11
62,20
62,14
62,22
62,3
62,9
62,2
62,16
62,12
62,15
62,10
62,18
62,8
62,21
62,19
62,13
62,7
62,6
63,11
63,20
63,14
63,22
63,3
63,9
63,2
63,16
63,12
63,15
63,10
63,18
63,8
63,21
63,19
63,13
63,7
63,6
63,5
63,17
63,1
64,11
64,20
64,14
64,22
64,3
64,9
64,2
64,16
64,12
65,11
66,11
66,20
66,14
66,22
66,3
66,9
66,2
67,11
67,20
67,14
67,22
67,3
67,9
67,2
67,16
67,12
67,15
67,10
67,18
67,8
67,21
67,19
67,13
67,7
67,6
67,5
67,17
68,11
68,20
68,14
68,22
68,3
68,9
68,2
68,16
68,12
68,15
69,11
69,20
69,14
69,22
69,3
69,9
69,2
69,16
69,12
69,15
69,10
69,18
70,11
70,20
70,14
70,22
70,3
70,9
70,2
70,16
70,12
70,15
70,10
70,18
70,8
70,21
70,19
70,13
70,7
71,11
71,20
71,14
71,22
72,11
72,20
72,14
73,11
73,20
73,14
73,22
73,3
73,9
73,2
73,16
73,12
73,15
74,11
74,20
74,14
74,22
74,3
74,9
74,2
74,16
74,12
74,15
74,10
74,18
74,8
74,21
74,19
74,13
74,7
74,6
74,5
74,17
74,1
75,11
75,20
75,14
75,22
76,11
76,20
76,14
76,22
76,3
76,9
76,2
76,16
76,12
76,15
76,10
76,18
76,8
76,21
76,19
76,13
76,7
76,6
76,5
76,17
77,11
77,20
77,14
77,22
77,3
77,9
77,2
77,16
77,12
77,15
77,10
78,11
78,20
78,14
78,22
78,3
78,9
78,2
78,16
78,12
78,15
78,10
78,18
78,8
79,11
79,20
79,14
79,22
79,3
79,9
79,2
79,16
79,12
79,15
79,10
79,18
79,8
79,21
79,19
79,13
79,7
79,6
79,5
79,17
79,1
80,11
80,20
80,14
80,22
80,3
80,9
80,2
80,16
81,11
81,20
81,14
81,22
81,3
81,9
81,2
81,16
81,12
81,15
81,10
81,18
81,8
81,21
81,19
81,13
81,7
81,6
81,5
81,17
81,1
81,4
82,11
82,20
82,14
82,22
82,3
83,11
83,20
83,14
83,22
83,3
83,9
83,2
83,16
83,12
83,15
83,10
83,18
83,8
83,21
83,19
83,13
83,7
83,6
84,11
84,20
84,14
84,22
84,3
84,9
84,2
84,16
84,12
84,15
84,10
84,18
84,8
84,21
84,19
84,13
84,7
84,6
84,5
84,17
85,11
85,20
85,14
85,22
85,3
85,9
85,2
85,16
85,12
85,15
85,10
85,18
85,8
85,21
85,19
85,13
85,7
86,11
86,20
86,14
86,22
86,3
86,9
86,2
86,16
86,12
86,15
86,10
86,18
86,8
86,21
86,19
86,13
86,7
87,11
87,20
88,11
88,20
88,14
88,22
88,3
88,9
88,2
88,16
88,12
88,15
88,10
88,18
88,8
88,21
88,19
88,13
88,7
88,6
88,5
88,17
89,11
89,20
89,14
89,22
89,3
89,9
89,2
89,16
89,12
89,15
89,10
89,18
89,8
89,21
89,19
89,13
89,7
90,11
90,20
90,14
90,22
90,3
90,9
90,2
90,16
90,12
91,11
91,20
91,14
91,22
91,3
91,9
91,2
91,16
91,12
91,15
91,10
91,18
91,8
91,21
91,19
91,13
91,7
91,6
92,11
92,20
92,14
92,22
92,3
93,11
93,20
94,11
94,20
94,14
94,22
94,3
94,9
94,2
94,16
94,12
94,15
94,10
94,18
94,8
94,21
94,19
94,13
94,7
94,6
95,11
95,20
96,11
96,20
96,14
96,22
96,3
96,9
96,2
96,16
96,12
97,11
97,20
97,14
97,22
97,3
97,9
97,2
97,16
97,12
97,15
97,10
97,18
97,8
97,21
97,19
98,11
98,20
98,14
98,22
98,3
98,9
99,11
99,20
99,14
99,22
100,11
100,20
100,14
101,11
101,20
101,14
101,22
102,11
102,20
102,14
102,22
102,3
102,9
102,2
102,16
102,12
102,15
102,10
102,18
102,8
102,21
102,19
102,13
102,7
102,6
102,5
103,11
103,20
103,14
103,22
103,3
103,9
103,2
103,16
103,12
103,15
103,10
103,18
103,8
103,21
103,19
103,13
103,7
103,6
103,5
103,17
103,1
103,4
104,11
104,20
104,14
104,22
104,3
104,9
104,2
104,16
104,12
104,15
104,10
104,18
104,8
104,21
104,19
104,13
104,7
104,6
104,5
104,17
104,1
104,4
105,11
106,11
106,20
106,14
106,22
106,3
106,9
106,2
107,11
107,20
107,14
107,22
107,3
107,9
107,2
107,16
107,12
107,15
107,10
107,18
107,8
107,21
107,19
107,13
107,7
107,6
107,5
108,11
109,11
109,20
109,14
109,22
109,3
109,9
109,2
110,11
110,20
110,14
110,22
110,3
110,9
110,2
110,16
110,12
110,15
110,10
110,18
110,8
110,21
110,19
110,13
110,7
110,6
111,11
111,20
111,14
111,22
111,3
111,9
111,2
111,16
111,12
111,15
111,10
111,18
112,11
112,20
112,14
112,22
112,3
112,9
112,2
112,16
113,11
113,20
113,14
113,22
113,3
113,9
113,2
113,16
114,11
114,20
115,11
115,20
115,14
115,22
115,3
115,9
115,2
115,16
115,12
115,15
115,10
115,18
115,8
115,21
115,19
115,13
115,7
115,6
115,5
115,17
116,11
116,20
116,14
116,22
116,3
117,11
117,20
117,14
117,22
117,3
117,9
117,2
117,16
117,12
117,15
117,10
117,18
117,8
117,21
117,19
117,13
117,7
117,6
117,5
117,17
118,11
118,20
118,14
118,22
118,3
118,9
118,2
118,16
118,12
118,15
118,10
118,18
119,11
119,20
119,14
119,22
119,3
119,9
119,2
119,16
119,12
119,15
119,10
119,18
119,8
119,21
119,19
119,13
119,7
119,6
119,5
119,17
120,11
120,20
120,14
121,11
121,20
121,14
121,22
121,3
121,9
121,2
121,16
121,12
121,15
121,10
122,11
122,20
122,14
122,22
122,3
122,9
123,11
123,20
123,14
123,22
123,3
123,9
123,2
123,16
124,11
124,20
124,14
124,22
125,11
125,20
125,14
125,22
125,3
126,11
126,20
126,14
126,22
126,3
126,9
126,2
126,16
126,12
126,15
126,10
126,18
126,8
126,21
127,11
127,20
127,14
127,22
127,3
127,9
127,2
127,16
127,12
127,15
127,10
127,18
127,8
127,21
127,19
127,13
127,7
127,6
128,11
128,20
128,14
128,22
128,3
128,9
128,2
128,16
128,12
128,15
128,10
128,18
128,8
128,21
128,19
128,13
128,7
129,11
129,20
129,14
129,22
130,11
130,20
131,11
131,20
131,14
131,22
131,3
131,9
131,2
131,16
132,11
132,20
132,14
132,22
133,11
133,20
133,14
133,22
133,3
133,9
133,2
133,16
133,12
133,15
133,10
133,18
133,8
133,21
133,19
133,13
133,7
133,6
134,11
134,20
134,14
134,22
134,3
134,9
134,2
134,16
134,12
134,15
134,10
134,18
134,8
134,21
134,19
134,13
134,7
134,6
134,5
134,17
134,1
135,11
135,20
135,14
135,22
135,3
135,9
135,2
135,16
135,12
135,15
135,10
135,18
135,8
136,11
136,20
137,11
137,20
137,14
137,22
137,3
137,9
137,2
137,16
137,12
137,15
137,10
137,18
137,8
137,21
137,19
137,13
137,7
137,6
138,11
138,20
138,14
138,22
138,3
138,9
138,2
138,16
138,12
138,15
138,10
139,11
139,20
139,14
139,22
139,3
139,9
139,2
139,16
139,12
139,15
139,10
139,18
139,8
139,21
139,19
139,13
139,7
139,6
139,5
139,17
140,11
140,20
140,14
140,22
140,3
140,9
140,2
140,16
140,12
141,11
141,20
141,14
141,22
141,3
142,11
142,20
142,14
142,22
142,3
142,9
142,2
142,16
142,12
142,15
142,10
142,18
142,8
142,21
142,19
143,11
143,20
143,14
143,22
143,3
143,9
143,2
143,16
143,12
144,11
144,20
144,14
144,22
144,3
144,9
144,2
144,16
145,11
145,20
145,14
145,22
145,3
145,9
146,11
146,20
146,14
146,22
146,3
146,9
146,2
146,16
146,12
147,11
147,20
147,14
147,22
147,3
147,9
147,2
147,16
147,12
147,15
148,11
148,20
148,14
148,22
148,3
148,9
148,2
148,16
148,12
148,15
148,10
148,18
148,8
148,21
148,19
148,13
148,7
149,11
149,20
149,14
149,22
149,3
149,9
149,2
149,16
149,12
149,15
149,10
149,18
150,11
150,20
150,14
150,22
150,3
150,9
150,2
150,16
151,11
151,20
151,14
151,22
151,3
151,9
151,2
151,16
151,12
151,15
151,10
151,18
151,8
151,21
151,19
151,13
151,7
151,6
151,5
151,17
151,1
151,4
152,11
152,20
152,14
152,22
152,3
152,9
152,2
152,16
152,12
152,15
152,10
152,18
152,8
152,21
152,19
152,13
152,7
152,6
153,11
153,20
153,14
154,11
154,20
154,14
154,22
154,3
154,9
154,2
154,16
154,12
154,15
154,10
154,18
154,8
154,21
155,11
155,20
155,14
155,22
155,3
155,9
155,2
155,16
156,11
156,20
156,14
157,11
157,20
157,14
157,22
157,3
157,9
157,2
157,16
157,12
157,15
157,10
157,18
157,8
157,21
157,19
157,13
157,7
157,6
157,5
157,17
157,1
158,11
158,20
158,14
158,22
158,3
158,9
158,2
158,16
158,12
158,15
158,10
158,18
158,8
158,21
158,19
158,13
159,11
159,20
159,14
159,22
159,3
159,9
159,2
159,16
159,12
159,15
159,10
159,18
159,8
159,21
159,19
159,13
159,7
159,6
159,5
159,17
159,1
160,11
160,20
160,14
160,22
160,3
160,9
160,2
161,11
161,20
161,14
161,22
161,3
161,9
161,2
162,11
162,20
162,14
162,22
162,3
162,9
162,2
162,16
162,12
162,15
162,10
162,18
162,8
162,21
162,19
162,13
162,7
162,6
162,5
162,17
162,1
163,11
164,11
164,20
164,14
164,22
164,3
164,9
164,2
164,16
164,12
164,15
164,10
164,18
164,8
164,21
164,19
164,13
164,7
164,6
164,5
165,11
165,20
165,14
165,22
165,3
165,9
165,2
165,16
165,12
165,15
165,10
165,18
165,8
165,21
165,19
166,11
167,11
167,20
167,14
167,22
167,3
167,9
167,2
167,16
167,12
167,15
167,10
168,11
168,20
168,14
168,22
168,3
168,9
168,2
168,16
168,12
169,11
169,20
169,14
169,22
169,3
169,9
169,2
169,16
170,11
170,20
170,14
170,22
170,3
170,9
170,2
170,16
170,12
170,15
170,10
170,18
170,8
170,21
170,19
170,13
170,7
171,11
171,20
171,14
171,22
171,3
171,9
171,2
171,16
171,12
171,15
171,10
171,18
171,8
171,21
171,19
171,13
171,7
171,6
171,5
172,11
173,11
173,20
173,14
173,22
173,3
173,9
173,2
173,16
173,12
173,15
173,10
173,18
173,8
173,21
174,11
175,11
175,20
175,14
175,22
176,11
177,11
177,20
177,14
177,22
177,3
177,9
177,2
177,16
178,11
178,20
178,14
178,22
178,3
178,9
179,11
179,20
179,14
179,22
179,3
179,9
179,2
179,16
179,12
179,15
179,10
179,18
179,8
179,21
179,19
179,13
179,7
179,6
180,11
180,20
180,14
180,22
180,3
180,9
180,2
180,16
180,12
180,15
180,10
180,18
180,8
180,21
180,19
180,13
180,7
180,6
180,5
180,17
180,1
180,4
181,11
181,20
181,14
181,22
181,3
182,11
182,20
182,14
182,22
182,3
182,9
182,2
182,16
182,12
182,15
183,11
183,20
183,14
183,22
183,3
183,9
183,2
183,16
183,12
183,15
184,11
184,20
184,14
184,22
184,3
184,9
184,2
184,16
185,11
185,20
185,14
185,22
185,3
185,9
185,2
185,16
186,11
187,11
187,20
187,14
187,22
187,3
187,9
187,2
187,16
187,12
187,15
187,10
187,18
187,8
187,21
187,19
187,13
187,7
187,6
187,5
187,17
188,11
188,20
188,14
188,22
188,3
188,9
188,2
188,16
188,12
188,15
188,10
188,18
188,8
188,21
188,19
188,13
189,11
189,20
189,14
189,22
189,3
189,9
189,2
189,16
189,12
189,15
189,10
189,18
189,8
189,21
189,19
189,13
189,7
189,6
189,5
189,17
190,11
190,20
190,14
190,22
190,3
190,9
190,2
190,16
190,12
190,15
190,10
190,18
190,8
190,21
190,19
190,13
191,11
192,11
192,20
192,14
192,22
192,3
193,11
193,20
193,14
193,22
193,3
193,9
193,2
193,16
193,12
193,15
193,10
193,18
193,8
193,21
193,19
193,13
193,7
193,6
194,11
194,20
194,14
194,22
194,3
194,9
194,2
195,11
195,20
195,14
195,22
195,3
195,9
195,2
195,16
195,12
195,15
195,10
195,18
195,8
195,21
195,19
196,11
196,20
196,14
196,22
196,3
196,9
196,2
196,16
196,12
196,15
196,10
196,18
197,11
197,20
197,14
197,22
197,3
197,9
197,2
197,16
197,12
197,15
197,10
197,18
197,8
197,21
197,19
198,11
198,20
198,14
198,22
198,3
198,9
198,2
198,16
198,12
198,15
198,10
198,18
198,8
198,21
198,19
198,13
198,7
198,6
198,5
198,17
198,1
199,11
199,20
199,14
199,22
199,3
199,9
199,2
199,16
199,12
199,15
199,10
199,18
199,8
199,21
199,19
200,11
200,20
200,14
200,22
200,3
200,9
200,2
200,16
200,12
200,15
200,10
200,18
200,8
200,21
201,11
201,20
201,14
202,11
202,20
202,14
202,22
202,3
202,9
203,11
203,20
203,14
203,22
203,3
203,9
203,2
203,16
203,12
203,15
203,10
203,18
204,11
204,20
204,14
204,22
204,3
204,9
204,2
204,16
205,11
205,20
205,14
205,22
205,3
206,11
206,20
206,14
206,22
206,3
206,9
206,2
206,16
206,12
207,11
207,20
207,14
207,22
207,3
207,9
207,2
207,16
207,12
207,15
208,11
208,20
208,14
208,22
208,3
208,9
208,2
208,16
208,12
208,15
208,10
208,18
208,8
208,21
208,19
208,13
208,7
208,6
208,5
209,11
209,20
209,14
209,22
209,3
209,9
209,2
209,16
209,12
209,15
209,10
209,18
209,8
209,21
209,19
209,13
209,7
209,6
209,5
209,17
209,1
210,11
210,20
210,14
210,22
210,3
210,9
210,2
210,16
210,12
210,15
210,10
210,18
210,8
210,21
210,19
210,13
210,7
210,6
211,11
211,20
211,14
211,22
211,3
211,9
211,2
211,16
211,12
211,15
211,10
211,18
211,8
212,11
212,20
213,11
213,20
213,14
213,22
213,3
213,9
213,2
213,16
213,12
213,15
213,10
213,18
213,8
213,21
214,11
214,20
214,14
214,22
214,3
214,9
214,2
214,16
214,12
214,15
214,10
214,18
215,11
215,20
215,14
215,22
215,3
215,9
216,11
216,20
216,14
216,22
216,3
216,9
216,2
216,16
216,12
216,15
216,10
216,18
216,8
216,21
216,19
216,13
216,7
216,6
216,5
216,17
216,1
216,4
217,11
217,20
217,14
217,22
217,3
217,9
217,2
217,16
217,12
217,15
217,10
217,18
217,8
217,21
217,19
217,13
217,7
217,6
217,5
218,11
218,20
218,14
218,22
218,3
218,9
219,11
219,20
219,14
219,22
219,3
219,9
219,2
219,16
219,12
219,15
219,10
219,18
219,8
219,21
219,19
219,13
219,7
219,6
220,11
220,20
220,14
220,22
220,3
220,9
220,2
221,11
221,20
221,14
221,22
221,3
221,9
221,2
221,16
221,12
221,15
221,10
221,18
221,8
221,21
221,19
221,13
221,7
221,6
221,5
221,17
221,1
222,11
222,20
222,14
222,22
222,3
222,9
222,2
222,16
222,12
222,15
222,10
222,18
222,8
222,21
222,19
222,13
222,7
222,6
222,5
223,11
223,20
223,14
223,22
223,3
223,9
223,2
223,16
224,11
225,11
225,20
225,14
225,22
225,3
225,9
225,2
225,16
225,12
225,15
225,10
225,18
225,8
225,21
225,19
225,13
225,7
225,6
225,5
225,17
226,11
226,20
226,14
226,22
226,3
226,9
226,2
226,16
226,12
226,15
226,10
226,18
226,8
227,11
227,20
227,14
227,22
227,3
227,9
227,2
227,16
227,12
227,15
227,10
227,18
227,8
227,21
227,19
227,13
227,7
227,6
227,5
227,17
227,1
227,4
228,11
229,11
229,20
229,14
229,22
229,3
229,9
229,2
229,16
229,12
229,15
229,10
229,18
229,8
229,21
229,19
229,13
229,7
229,6
229,5
230,11
230,20
231,11
231,20
231,14
231,22
231,3
231,9
231,2
231,16
231,12
231,15
231,10
231,18
231,8
232,11
233,11
233,20
233,14
233,22
233,3
233,9
233,2
233,16
233,12
233,15
233,10
233,18
233,8
233,21
233,19
233,13
234,11
234,20
234,14
234,22
234,3
234,9
234,2
234,16
234,12
234,15
234,10
234,18
235,11
235,20
235,14
235,22
235,3
235,9
235,2
235,16
235,12
235,15
235,10
235,18
235,8
235,21
236,11
236,20
236,14
236,22
236,3
236,9
236,2
237,11
237,20
237,14
237,22
237,3
237,9
238,11
238,20
238,14
238,22
238,3
238,9
238,2
238,16
238,12
238,15
238,10
238,18
238,8
238,21
238,19
238,13
238,7
239,11
239,20
239,14
239,22
239,3
239,9
239,2
239,16
239,12
239,15
239,10
239,18
239,8
240,11
240,20
240,14
240,22
240,3
241,11
241,20
241,14
241,22
241,3
242,11
242,20
242,14
242,22
242,3
242,9
242,2
242,16
242,12
242,15
242,10
242,18
242,8
242,21
242,19
242,13
242,7
242,6
242,5
242,17
243,11
243,20
243,14
243,22
243,3
243,9
243,2
243,16
243,12
243,15
243,10
243,18
243,8
243,21
243,19
243,13
244,11
244,20
244,14
244,22
244,3
244,9
244,2
244,16
244,12
244,15
244,10
244,18
244,8
244,21
244,19
244,13
244,7
244,6
244,5
244,17
244,1
245,11
245,20
245,14
245,22
245,3
245,9
245,2
245,16
245,12
246,11
246,20
246,14
246,22
246,3
246,9
246,2
246,16
246,12
246,15
246,10
246,18
246,8
246,21
247,11
247,20
247,14
247,22
247,3
247,9
247,2
247,16
247,12
247,15
247,10
247,18
247,8
247,21
247,19
247,13
247,7
248,11
248,20
248,14
248,22
248,3
248,9
248,2
248,16
249,11
249,20
249,14
249,22
249,3
249,9
249,2
249,16
249,12
249,15
249,10
249,18
249,8
250,11
250,20
250,14
250,22
250,3
250,9
250,2
250,16
250,12
250,15
250,10
250,18
250,8
250,21
250,19
250,13
251,11
251,20
251,14
251,22
252,11
252,20
252,14
253,11
253,20
253,14
253,22
253,3
253,9
253,2
253,16
253,12
253,15
253,10
253,18
253,8
253,21
253,19
253,13
253,7
254,11
254,20
254,14
254,22
254,3
254,9
254,2
254,16
254,12
254,15
254,10
254,18
254,8
254,21
254,19
254,13
254,7
254,6
254,5
254,17
254,1
254,4
255,11
255,20
255,14
255,22
255,3
255,9
255,2
255,16
255,12
255,15
256,11
256,20
256,14
257,11
257,20
257,14
257,22
257,3
257,9
257,2
257,16
257,12
257,15
257,10
257,18
257,8
257,21
257,19
257,13
257,7
257,6
257,5
258,11
258,20
258,14
258,22
258,3
258,9
259,11
259,20
259,14
259,22
259,3
259,9
259,2
259,16
259,12
259,15
259,10
259,18
259,8
259,21
259,19
259,13
260,11
260,20
260,14
260,22
260,3
260,9
260,2
260,16
260,12
260,15
260,10
260,18
261,11
261,20
262,11
262,20
262,14
262,22
262,3
262,9
262,2
262,16
262,12
263,11
263,20
263,14
263,22
263,3
263,9
263,2
263,16
263,12
264,11
264,20
265,11
265,20
265,14
265,22
265,3
265,9
265,2
265,16
265,12
265,15
265,10
265,18
265,8
265,21
265,19
265,13
265,7
265,6
265,5
265,17
265,1
266,11
266,20
266,14
266,22
266,3
267,11
267,20
267,14
267,22
267,3
267,9
267,2
267,16
267,12
268,11
268,20
268,14
268,22
268,3
268,9
268,2
269,11
269,20
269,14
269,22
269,3
269,9
269,2
269,16
269,12
269,15
269,10
270,11
270,20
270,14
270,22
270,3
270,9
270,2
270,16
270,12
270,15
270,10
270,18
270,8
270,21
271,11
271,20
271,14
271,22
271,3
271,9
271,2
271,16
271,12
271,15
271,10
271,18
271,8
271,21
271,19
271,13
271,7
271,6
271,5
271,17
271,1
272,11
272,20
272,14
272,22
272,3
272,9
273,11
273,20
273,14
273,22
273,3
273,9
273,2
273,16
273,12
273,15
273,10
274,11
274,20
274,14
274,22
274,3
274,9
274,2
274,16
274,12
274,15
274,10
274,18
274,8
274,21
274,19
274,13
274,7
274,6
274,5
274,17
274,1
275,11
275,20
275,14
275,22
275,3
275,9
275,2
275,16
275,12
275,15
275,10
275,18
276,11
276,20
276,14
276,22
276,3
276,9
276,2
276,16
276,12
277,11
277,20
277,14
277,22
277,3
277,9
277,2
277,16
277,12
278,11
278,20
278,14
279,11
279,20
279,14
279,22
279,3
279,9
279,2
279,16
279,12
279,15
279,10
279,18
279,8
279,21
279,19
279,13
279,7
279,6
280,11
280,20
280,14
280,22
280,3
281,11
281,20
281,14
281,22
281,3
281,9
281,2
281,16
281,12
281,15
281,10
281,18
281,8
281,21
282,11
282,20
282,14
282,22
282,3
282,9
282,2
282,16
282,12
282,15
282,10
282,18
282,8
282,21
282,19
282,13
282,7
282,6
282,5
283,11
283,20
283,14
283,22
283,3
283,9
283,2
283,16
283,12
283,15
283,10
283,18
283,8
283,21
284,11
284,20
284,14
284,22
284,3
284,9
284,2
284,16
284,12
284,15
284,10
284,18
284,8
284,21
284,19
284,13
285,11
286,11
286,20
286,14
286,22
286,3
286,9
287,11
287,20
287,14
287,22
287,3
288,11
288,20
288,14
288,22
288,3
288,9
288,2
288,16
289,11
290,11
290,20
290,14
290,22
290,3
290,9
290,2
290,16
290,12
290,15
290,10
290,18
290,8
290,21
290,19
290,13
290,7
290,6
290,5
291,11
291,20
291,14
291,22
291,3
291,9
291,2
291,16
291,12
292,11
292,20
292,14
292,22
292,3
292,9
292,2
292,16
292,12
292,15
292,10
293,11
293,20
293,14
293,22
293,3
293,9
293,2
294,11
294,20
294,14
294,22
294,3
294,9
294,2
294,16
294,12
294,15
294,10
294,18
294,8
294,21
294,19
294,13
294,7
294,6
294,5
294,17
295,11
295,20
295,14
295,22
295,3
295,9
295,2
295,16
295,12
295,15
295,10
295,18
295,8
295,21
295,19
295,13
295,7
295,6
295,5
295,17
296,11
296,20
296,14
296,22
296,3
296,9
296,2
296,16
296,12
296,15
296,10
296,18
296,8
296,21
296,19
296,13
296,7
296,6
296,5
296,17
296,1
297,11
297,20
297,14
297,22
297,3
297,9
297,2
297,16
297,12
297,15
297,10
297,18
297,8
297,21
297,19
298,11
298,20
298,14
299,11
299,20
299,14
299,22
299,3
299,9
299,2
299,16
299,12
299,15
299,10
299,18
299,8
299,21
299,19
299,13
300,11
300,20
300,14
300,22
300,3
300,9
300,2
300,16
300,12
300,15
300,10
300,18
300,8
300,21
300,19
300,13
300,7
301,11
301,20
301,14
301,22
301,3
301,9
302,11
302,20
302,14
302,22
302,3
302,9
302,2
302,16
302,12
302,15
302,10
302,18
302,8
302,21
302,19
302,13
302,7
302,6
303,11
303,20
303,14
303,22
303,3
303,9
303,2
303,16
303,12
303,15
304,11
304,20
304,14
304,22
304,3
304,9
305,11
305,20
305,14
305,22
305,3
305,9
305,2
305,16
305,12
305,15
305,10
305,18
305,8
305,21
305,19
305,13
305,7
305,6
305,5
305,17
305,1
306,11
306,20
306,14
306,22
306,3
306,9
307,11
307,20
307,14
307,22
307,3
307,9
307,2
307,16
307,12
307,15
307,10
307,18
307,8
307,21
307,19
307,13
307,7
308,11
308,20
308,14
308,22
308,3
308,9
308,2
308,16
308,12
308,15
308,10
308,18
308,8
308,21
308,19
308,13
308,7
309,11
309,20
309,14
309,22
309,3
309,9
309,2
309,16
309,12
309,15
309,10
309,18
309,8
309,21
309,19
309,13
309,7
310,11
310,20
310,14
310,22
311,11
311,20
311,14
311,22
311,3
311,9
311,2
311,16
311,12
311,15
311,10
311,18
311,8
311,21
311,19
311,13
311,7
311,6
311,5
311,17
312,11
312,20
312,14
312,22
312,3
312,9
312,2
312,16
312,12
312,15
312,10
312,18
312,8
312,21
312,19
312,13
313,11
313,20
313,14
313,22
313,3
313,9
313,2
313,16
313,12
313,15
313,10
313,18
313,8
313,21
313,19
313,13
313,7
313,6
314,11
314,20
314,14
314,22
314,3
314,9
314,2
314,16
315,11
315,20
315,14
315,22
315,3
315,9
315,2
315,16
315,12
315,15
315,10
315,18
315,8
315,21
315,19
316,11
316,20
317,11
317,20
317,14
317,22
317,3
317,9
317,2
317,16
317,12
317,15
317,10
317,18
317,8
317,21
318,11
318,20
318,14
318,22
318,3
319,11
320,11
321,11
321,20
321,14
321,22
321,3
321,9
321,2
321,16
321,12
321,15
321,10
321,18
321,8
321,21
321,19
321,13
322,11
322,20
322,14
322,22
322,3
323,11
323,20
323,14
323,22
323,3
323,9
323,2
323,16
323,12
323,15
323,10
323,18
323,8
323,21
324,11
324,20
324,14
324,22
324,3
324,9
324,2
324,16
324,12
324,15
324,10
324,18
324,8
324,21
324,19
324,13
324,7
324,6
324,5
324,17
324,1
325,11
325,20
325,14
325,22
325,3
325,9
325,2
325,16
325,12
325,15
325,10
325,18
325,8
325,21
325,19
325,13
325,7
325,6
325,5
325,17
326,11
326,20
326,14
326,22
326,3
326,9
326,2
326,16
326,12
326,15
326,10
326,18
326,8
326,21
326,19
326,13
326,7
327,11
327,20
327,14
327,22
327,3
327,9
327,2
327,16
327,12
327,15
327,10
327,18
327,8
327,21
327,19
327,13
327,7
327,6
328,11
328,20
328,14
328,22
328,3
328,9
329,11
329,20
329,14
329,22
329,3
329,9
329,2
330,11
330,20
330,14
330,22
330,3
330,9
330,2
330,16
330,12
330,15
330,10
330,18
330,8
330,21
330,19
330,13
330,7
330,6
331,11
331,20
331,14
331,22
331,3
332,11
332,20
332,14
332,22
332,3
332,9
332,2
332,16
332,12
332,15
332,10
332,18
332,8
332,21
332,19
333,11
333,20
333,14
333,22
333,3
333,9
333,2
334,11
335,11
335,20
335,14
335,22
335,3
335,9
335,2
335,16
335,12
335,15
335,10
335,18
335,8
335,21
335,19
336,11
337,11
338,11
338,20
338,14
338,22
338,3
338,9
338,2
338,16
338,12
338,15
338,10
338,18
338,8
339,11
339,20
339,14
339,22
339,3
339,9
339,2
339,16
339,12
339,15
339,10
339,18
339,8
339,21
339,19
339,13
339,7
339,6
340,11
340,20
340,14
340,22
340,3
340,9
340,2
340,16
340,12
340,15
340,10
340,18
340,8
340,21
340,19
340,13
340,7
340,6
341,11
341,20
341,14
342,11
342,20
342,14
342,22
342,3
342,9
343,11
343,20
343,14
343,22
343,3
343,9
343,2
343,16
343,12
344,11
344,20
344,14
344,22
344,3
344,9
344,2
344,16
344,12
344,15
344,10
344,18
344,8
344,21
345,11
345,20
345,14
345,22
345,3
345,9
345,2
345,16
345,12
345,15
345,10
345,18
345,8
345,21
345,19
345,13
345,7
345,6
345,5
346,11
346,20
346,14
346,22
346,3
346,9
346,2
346,16
346,12
346,15
346,10
346,18
346,8
346,21
346,19
346,13
346,7
346,6
347,11
347,20
347,14
347,22
348,11
348,20
348,14
348,22
348,3
348,9
348,2
348,16
348,12
348,15
348,10
348,18
348,8
348,21
348,19
348,13
348,7
348,6
348,5
348,17
348,1
348,4
349,11
349,20
350,11
350,20
350,14
350,22
350,3
350,9
351,11
351,20
351,14
351,22
351,3
351,9
351,2
351,16
351,12
351,15
351,10
351,18
351,8
351,21
351,19
351,13
351,7
351,6
351,5
352,11
352,20
352,14
352,22
352,3
352,9
353,11
353,20
353,14
353,22
354,11
354,20
354,14
354,22
354,3
354,9
354,2
354,16
354,12
354,15
354,10
354,18
354,8
354,21
354,19
354,13
354,7
354,6
354,5
354,17
354,1
354,4
355,11
355,20
355,14
355,22
355,3
355,9
355,2
355,16
355,12
355,15
355,10
355,18
355,8
355,21
356,11
356,20
356,14
356,22
356,3
356,9
356,2
356,16
356,12
356,15
356,10
356,18
356,8
356,21
356,19
356,13
356,7
356,6
357,11
357,20
357,14
357,22
357,3
357,9
357,2
358,11
358,20
358,14
358,22
358,3
358,9
358,2
358,16
358,12
358,15
358,10
358,18
359,11
359,20
359,14
359,22
359,3
359,9
359,2
359,16
359,12
359,15
359,10
359,18
360,11
360,20
360,14
360,22
361,11
361,20
361,14
362,11
362,20
362,14
362,22
362,3
362,9
362,2
362,16
363,11
363,20
363,14
363,22
363,3
363,9
363,2
363,16
363,12
363,15
363,10
363,18
363,8
363,21
363,19
363,13
363,7
363,6
363,5
363,17
363,1
363,4
364,11
364,20
364,14
364,22
364,3
364,9
364,2
364,16
364,12
364,15
364,10
365,11
365,20
365,14
365,22
365,3
365,9
365,2
365,16
365,12
365,15
365,10
365,18
365,8
365,21
365,19
365,13
365,7
365,6
365,5
366,11
366,20
366,14
366,22
366,3
366,9
366,2
366,16
366,12
366,15
366,10
366,18
366,8
366,21
366,19
366,13
366,7
366,6
366,5
367,11
367,20
367,14
367,22
367,3
367,9
367,2
367,16
367,12
367,15
367,10
367,18
367,8
367,21
367,19
367,13
367,7
367,6
368,11
368,20
368,14
368,22
368,3
368,9
368,2
368,16
368,12
368,15
368,10
368,18
368,8
368,21
369,11
369,20
369,14
370,11
370,20
370,14
370,22
370,3
370,9
371,11
371,20
371,14
371,22
371,3
371,9
372,11
372,20
372,14
372,22
372,3
372,9
372,2
372,16
372,12
372,15
372,10
372,18
372,8
372,21
372,19
372,13
373,11
373,20
373,14
373,22
373,3
373,9
373,2
373,16
373,12
373,15
373,10
373,18
373,8
373,21
373,19
373,13
373,7
373,6
373,5
373,17
373,1
374,11
374,20
374,14
374,22
374,3
374,9
374,2
374,16
374,12
374,15
374,10
374,18
374,8
374,21
374,19
374,13
374,7
375,11
375,20
375,14
375,22
375,3
375,9
375,2
375,16
376,11
376,20
377,11
377,20
377,14
377,22
377,3
377,9
377,2
377,16
377,12
377,15
377,10
377,18
378,11
378,20
378,14
378,22
378,3
378,9
379,11
379,20
379,14
379,22
379,3
379,9
379,2
379,16
379,12
379,15
379,10
379,18
379,8
379,21
379,19
379,13
379,7
379,6
379,5
379,17
379,1
379,4
380,11
380,20
380,14
380,22
380,3
380,9
380,2
380,16
380,12
381,11
381,20
381,14
381,22
381,3
382,11
382,20
382,14
383,11
383,20
384,11
384,20
384,14
385,11
386,11
386,20
386,14
386,22
386,3
386,9
386,2
386,16
386,12
386,15
387,11
387,20
388,11
388,20
388,14
388,22
388,3
388,9
388,2
388,16
388,12
388,15
388,10
388,18
389,11
389,20
389,14
389,22
389,3
389,9
389,2
389,16
389,12
389,15
389,10
390,11
390,20
390,14
390,22
390,3
390,9
390,2
390,16
390,12
390,15
390,10
390,18
390,8
390,21
390,19
390,13
391,11
391,20
391,14
391,22
391,3
391,9
391,2
391,16
391,12
391,15
391,10
392,11
392,20
392,14
392,22
392,3
393,11
393,20
393,14
393,22
393,3
393,9
393,2
393,16
393,12
393,15
393,10
394,11
394,20
394,14
394,22
394,3
394,9
394,2
394,16
394,12
394,15
394,10
394,18
394,8
394,21
394,19
395,11
395,20
395,14
395,22
395,3
395,9
395,2
395,16
395,12
395,15
395,10
396,11
396,20
396,14
396,22
396,3
396,9
396,2
396,16
396,12
396,15
396,10
396,18
396,8
396,21
396,19
396,13
396,7
396,6
396,5
397,11
397,20
397,14
397,22
397,3
397,9
397,2
397,16
397,12
397,15
397,10
397,18
398,11
398,20
398,14
398,22
398,3
398,9
398,2
398,16
399,11
399,20
399,14
399,22
399,3
399,9
399,2
399,16
399,12
399,15
399,10
399,18
399,8
400,11
400,20
400,14
400,22
400,3
400,9
400,2
401,11
401,20
401,14
401,22
401,3
402,11
403,11
403,20
403,14
403,22
403,3
403,9
403,2
403,16
403,12
403,15
403,10
403,18
403,8
403,21
403,19
403,13
403,7
403,6
403,5
403,17
403,1
404,11
404,20
404,14
405,11
405,20
405,14
405,22
405,3
405,9
405,2
405,16
405,12
405,15
406,11
406,20
406,14
406,22
406,3
406,9
406,2
406,16
406,12
406,15
406,10
406,18
407,11
407,20
407,14
407,22
407,3
407,9
407,2
407,16
407,12
407,15
407,10
407,18
407,8
408,11
408,20
408,14
408,22
408,3
408,9
408,2
408,16
408,12
408,15
408,10
408,18
408,8
408,21
408,19
408,13
408,7
408,6
409,11
409,20
409,14
409,22
409,3
409,9
409,2
409,16
409,12
409,15
409,10
409,18
409,8
409,21
409,19
410,11
410,20
410,14
410,22
410,3
410,9
410,2
410,16
410,12
410,15
411,11
411,20
411,14
411,22
411,3
411,9
411,2
411,16
411,12
411,15
411,10
411,18
411,8
411,21
411,19
411,13
411,7
411,6
412,11
412,20
412,14
412,22
412,3
412,9
412,2
412,16
412,12
413,11
413,20
413,14
413,22
413,3
413,9
413,2
413,16
413,12
413,15
413,10
413,18
413,8
413,21
413,19
413,13
413,7
413,6
413,5
413,17
413,1
413,4
414,11
414,20
414,14
414,22
415,11
415,20
415,14
415,22
415,3
415,9
415,2
415,16
415,12
415,15
415,10
415,18
415,8
415,21
415,19
416,11
416,20
416,14
416,22
416,3
416,9
416,2
417,11
417,20
417,14
417,22
417,3
417,9
417,2
417,16
417,12
417,15
418,11
418,20
418,14
418,22
418,3
419,11
419,20
419,14
419,22
419,3
419,9
419,2
419,16
419,12
419,15
419,10
419,18
419,8
419,21
419,19
419,13
419,7
419,6
420,11
420,20
421,11
422,11
422,20
422,14
422,22
423,11
423,20
423,14
423,22
423,3
423,9
423,2
423,16
423,12
423,15
423,10
423,18
424,11
424,20
424,14
424,22
424,3
424,9
424,2
424,16
425,11
425,20
425,14
425,22
425,3
425,9
425,2
425,16
425,12
425,15
425,10
425,18
425,8
425,21
426,11
426,20
426,14
426,22
426,3
426,9
426,2
426,16
426,12
426,15
426,10
426,18
426,8
426,21
426,19
426,13
426,7
426,6
426,5
426,17
426,1
426,4
427,11
427,20
427,14
427,22
427,3
427,9
427,2
427,16
427,12
427,15
428,11
428,20
428,14
428,22
428,3
428,9
428,2
428,16
428,12
428,15
428,10
428,18
428,8
428,21
428,19
428,13
428,7
428,6
428,5
428,17
428,1
429,11
429,20
429,14
429,22
429,3
429,9
429,2
430,11
430,20
430,14
430,22
430,3
430,9
431,11
431,20
431,14
431,22
431,3
431,9
431,2
431,16
431,12
431,15
431,10
431,18
431,8
431,21
431,19
432,11
432,20
432,14
432,22
432,3
432,9
432,2
432,16
432,12
432,15
433,11
433,20
433,14
433,22
434,11
434,20
434,14
434,22
434,3
434,9
434,2
434,16
434,12
434,15
434,10
434,18
435,11
435,20
435,14
435,22
435,3
435,9
435,2
435,16
435,12
435,15
435,10
435,18
435,8
435,21
435,19
435,13
436,11
436,20
436,14
436,22
436,3
436,9
436,2
436,16
436,12
436,15
436,10
436,18
436,8
436,21
436,19
436,13
436,7
436,6
437,11
437,20
437,14
437,22
437,3
437,9
437,2
437,16
437,12
437,15
438,11
438,20
438,14
438,22
438,3
438,9
438,2
438,16
438,12
438,15
438,10
438,18
438,8
438,21
439,11
439,20
439,14
439,22
439,3
440,11
440,20
440,14
440,22
440,3
440,9
440,2
440,16
441,11
441,20
441,14
441,22
441,3
441,9
441,2
441,16
441,12
441,15
442,11
442,20
442,14
442,22
442,3
442,9
442,2
442,16
442,12
442,15
442,10
442,18
442,8
442,21
442,19
443,11
443,20
443,14
443,22
443,3
443,9
443,2
444,11
444,20
445,11
445,20
445,14
445,22
445,3
445,9
445,2
445,16
446,11
447,11
447,20
447,14
447,22
447,3
447,9
447,2
447,16
447,12
447,15
447,10
447,18
447,8
448,11
448,20
448,14
448,22
448,3
448,9
448,2
448,16
448,12
448,15
448,10
448,18
448,8
448,21
448,19
448,13
448,7
448,6
448,5
448,17
449,11
449,20
449,14
449,22
449,3
449,9
449,2
449,16
449,12
449,15
449,10
449,18
449,8
449,21
449,19
449,13
449,7
449,6
449,5
449,17
450,11
450,20
450,14
450,22
450,3
450,9
450,2
450,16
450,12
450,15
450,10
451,11
451,20
451,14
451,22
451,3
451,9
451,2
451,16
451,12
451,15
451,10
451,18
451,8
451,21
451,19
451,13
451,7
451,6
451,5
451,17
451,1
451,4
452,11
452,20
452,14
452,22
452,3
452,9
452,2
452,16
452,12
452,15
452,10
452,18
452,8
452,21
452,19
452,13
452,7
452,6
452,5
452,17
452,1
453,11
453,20
453,14
453,22
453,3
453,9
453,2
453,16
453,12
454,11
454,20
454,14
454,22
454,3
454,9
454,2
454,16
454,12
454,15
454,10
454,18
455,11
455,20
455,14
455,22
455,3
455,9
455,2
455,16
455,12
455,15
455,10
455,18
455,8
455,21
455,19
455,13
455,7
455,6
455,5
456,11
456,20
456,14
456,22
456,3
456,9
456,2
456,16
456,12
456,15
456,10
456,18
456,8
457,11
458,11
458,20
458,14
458,22
458,3
458,9
458,2
458,16
458,12
458,15
458,10
458,18
458,8
458,21
458,19
458,13
458,7
458,6
458,5
458,17
458,1
458,4
459,11
459,20
459,14
459,22
459,3
459,9
459,2
459,16
459,12
459,15
460,11
460,20
460,14
460,22
460,3
460,9
461,11
461,20
461,14
461,22
461,3
461,9
461,2
461,16
461,12
462,11
462,20
462,14
462,22
462,3
462,9
462,2
462,16
462,12
462,15
462,10
463,11
463,20
463,14
463,22
463,3
463,9
463,2
463,16
463,12
463,15
463,10
463,18
464,11
464,20
464,14
464,22
465,11
465,20
465,14
465,22
465,3
465,9
465,2
465,16
465,12
466,11
467,11
467,20
467,14
467,22
467,3
467,9
467,2
467,16
467,12
467,15
468,11
468,20
468,14
468,22
468,3
468,9
468,2
468,16
468,12
468,15
468,10
468,18
468,8
468,21
468,19
468,13
468,7
468,6
468,5
469,11
469,20
469,14
469,22
470,11
470,20
470,14
470,22
470,3
470,9
470,2
470,16
470,12
470,15
470,10
470,18
470,8
470,21
470,19
471,11
471,20
471,14
471,22
471,3
471,9
471,2
471,16
471,12
471,15
471,10
471,18
471,8
471,21
471,19
471,13
471,7
472,11
472,20
472,14
472,22
472,3
472,9
472,2
472,16
472,12
472,15
472,10
472,18
472,8
472,21
472,19
472,13
472,7
472,6
472,5
472,17
472,1
473,11
473,20
473,14
473,22
474,11
474,20
474,14
474,22
475,11
475,20
475,14
475,22
476,11
476,20
476,14
477,11
477,20
477,14
477,22
477,3
477,9
477,2
477,16
477,12
477,15
477,10
477,18
477,8
477,21
477,19
477,13
478,11
479,11
479,20
479,14
479,22
479,3
479,9
480,11
480,20
480,14
480,22
480,3
480,9
480,2
480,16
481,11
481,20
481,14
481,22
481,3
481,9
481,2
481,16
481,12
481,15
481,10
482,11
482,20
482,14
482,22
482,3
482,9
482,2
482,16
482,12
482,15
482,10
482,18
482,8
482,21
482,19
483,11
483,20
483,14
483,22
483,3
483,9
483,2
483,16
483,12
483,15
483,10
483,18
483,8
483,21
484,11
484,20
484,14
484,22
484,3
484,9
484,2
484,16
484,12
485,11
485,20
485,14
485,22
485,3
485,9
485,2
485,16
485,12
485,15
486,11
486,20
487,11
487,20
487,14
487,22
487,3
487,9
487,2
487,16
487,12
487,15
487,10
487,18
487,8
487,21
487,19
487,13
488,11
489,11
489,20
489,14
489,22
489,3
489,9
489,2
489,16
489,12
489,15
489,10
489,18
489,8
489,21
489,19
490,11
490,20
490,14
490,22
491,11
491,20
491,14
491,22
491,3
491,9
491,2
491,16
491,12
491,15
491,10
491,18
491,8
491,21
491,19
491,13
492,11
492,20
492,14
492,22
492,3
492,9
492,2
492,16
493,11
493,20
493,14
493,22
494,11
494,20
494,14
494,22
494,3
495,11
495,20
495,14
495,22
495,3
495,9
496,11
496,20
496,14
496,22
496,3
496,9
496,2
496,16
496,12
496,15
496,10
496,18
496,8
496,21
496,19
496,13
496,7
496,6
497,11
497,20
497,14
497,22
497,3
497,9
497,2
497,16
497,12
497,15
497,10
497,18
497,8
497,21
497,19
497,13
497,7
497,6
497,5
497,17
497,1
498,11
498,20
498,14
498,22
498,3
499,11
499,20
499,14
499,22
499,3
499,9
499,2
499,16
499,12
499,15
499,10
499,18
499,8
499,21
499,19
499,13
499,7
499,6
499,5
500,11
500,20
500,14
500,22
500,3
500,9
500,2
500,16
500,12
500,15
500,10
500,18
500,8
500,21
500,19
500,13
500,7
500,6
501,11
501,20
501,14
501,22
501,3
501,9
501,2
502,11
502,20
502,14
502,22
502,3
502,9
502,2
502,16
502,12
502,15
502,10
502,18
503,11
503,20
503,14
503,22
503,3
503,9
503,2
503,16
503,12
504,11
504,20
504,14
504,22
504,3
504,9
504,2
504,16
504,12
504,15
504,10
505,11
506,11
506,20
506,14
506,22
506,3
506,9
506,2
506,16
506,12
506,15
506,10
506,18
506,8
507,11
507,20
507,14
507,22
507,3
507,9
508,11
508,20
508,14
508,22
508,3
508,9
508,2
508,16
508,12
508,15
508,10
508,18
509,11
509,20
509,14
509,22
509,3
509,9
509,2
509,16
509,12
509,15
509,10
509,18
509,8
509,21
509,19
509,13
509,7
509,6
509,5
509,17
509,1
510,11
510,20
510,14
510,22
510,3
510,9
510,2
510,16
510,12
510,15
510,10
510,18
510,8
510,21
510,19
510,13
510,7
510,6
510,5
510,17
510,1
510,4
511,11
511,20
511,14
511,22
511,3
511,9
511,2
511,16
511,12
511,15
511,10
511,18
511,8
511,21
511,19
511,13
511,7
511,6
511,5
512,11
512,20
512,14
512,22
512,3
512,9
512,2
512,16
512,12
512,15
512,10
512,18
512,8
513,11
513,20
513,14
513,22
513,3
513,9
514,11
514,20
514,14
514,22
514,3
514,9
514,2
514,16
514,12
514,15
514,10
514,18
514,8
514,21
514,19
514,13
514,7
514,6
515,11
515,20
516,11
516,20
516,14
516,22
516,3
516,9
516,2
516,16
516,12
516,15
516,10
516,18
516,8
516,21
516,19
516,13
517,11
518,11
518,20
518,14
518,22
518,3
518,9
518,2
518,16
518,12
518,15
518,10
518,18
519,11
519,20
519,14
519,22
519,3
519,9
519,2
519,16
520,11
520,20
520,14
520,22
520,3
520,9
520,2
520,16
520,12
520,15
521,11
521,20
521,14
521,22
521,3
521,9
521,2
521,16
521,12
521,15
521,10
521,18
521,8
521,21
521,19
521,13
521,7
521,6
521,5
521,17
521,1
521,4
522,11
522,20
522,14
522,22
522,3
522,9
522,2
522,16
522,12
522,15
522,10
522,18
522,8
522,21
522,19
523,11
523,20
523,14
523,22
523,3
523,9
523,2
523,16
523,12
524,11
524,20
524,14
524,22
524,3
524,9
524,2
524,16
524,12
524,15
524,10
524,18
525,11
525,20
525,14
525,22
525,3
525,9
525,2
525,16
525,12
525,15
525,10
525,18
525,8
525,21
525,19
525,13
526,11
526,20
526,14
526,22
526,3
526,9
526,2
526,16
526,12
526,15
526,10
526,18
526,8
526,21
526,19
526,13
526,7
526,6
526,5
526,17
526,1
526,4
527,11
527,20
527,14
527,22
527,3
527,9
527,2
527,16
527,12
527,15
527,10
527,18
527,8
527,21
527,19
527,13
527,7
527,6
527,5
527,17
527,1
527,4
528,11
529,11
529,20
529,14
529,22
529,3
529,9
529,2
530,11
530,20
530,14
530,22
530,3
530,9
530,2
530,16
530,12
530,15
530,10
530,18
530,8
530,21
530,19
530,13
530,7
530,6
530,5
530,17
531,11
531,20
531,14
531,22
531,3
531,9
531,2
531,16
531,12
531,15
531,10
531,18
531,8
531,21
532,11
532,20
532,14
533,11
533,20
533,14
533,22
533,3
533,9
533,2
534,11
534,20
534,14
535,11
535,20
535,14
535,22
535,3
535,9
535,2
535,16
535,12
535,15
535,10
535,18
535,8
535,21
535,19
536,11
536,20
536,14
536,22
536,3
536,9
536,2
537,11
537,20
537,14
537,22
537,3
537,9
537,2
537,16
537,12
537,15
537,10
537,18
537,8
537,21
537,19
537,13
537,7
537,6
538,11
538,20
539,11
539,20
539,14
539,22
539,3
539,9
539,2
539,16
539,12
539,15
539,10
540,11
540,20
540,14
540,22
540,3
540,9
540,2
541,11
541,20
541,14
541,22
541,3
541,9
541,2
541,16
541,12
541,15
541,10
541,18
541,8
542,11
542,20
542,14
542,22
542,3
542,9
542,2
542,16
542,12
542,15
542,10
542,18
542,8
542,21
542,19
542,13
543,11
543,20
543,14
544,11
544,20
544,14
544,22
544,3
544,9
544,2
545,11
545,20
545,14
545,22
545,3
545,9
545,2
545,16
545,12
545,15
546,11
546,20
546,14
546,22
547,11
547,20
548,11
548,20
548,14
548,22
548,3
548,9
548,2
548,16
548,12
548,15
548,10
548,18
548,8
548,21
548,19
548,13
548,7
548,6
549,11
549,20
549,14
550,11
550,20
550,14
550,22
550,3
550,9
550,2
550,16
550,12
551,11
551,20
551,14
551,22
551,3
551,9
551,2
551,16
551,12
551,15
551,10
551,18
551,8
551,21
552,11
552,20
552,14
552,22
552,3
552,9
552,2
552,16
552,12
552,15
552,10
552,18
552,8
552,21
552,19
553,11
553,20
553,14
554,11
554,20
554,14
554,22
554,3
554,9
554,2
554,16
555,11
555,20
555,14
555,22
556,11
556,20
556,14
556,22
557,11
557,20
557,14
557,22
557,3
557,9
557,2
557,16
557,12
557,15
557,10
557,18
557,8
557,21
558,11
558,20
558,14
558,22
558,3
558,9
558,2
558,16
558,12
558,15
558,10
559,11
559,20
559,14
559,22
559,3
559,9
559,2
559,16
559,12
559,15
559,10
559,18
559,8
559,21
560,11
560,20
560,14
560,22
560,3
560,9
560,2
560,16
560,12
560,15
560,10
560,18
561,11
561,20
561,14
561,22
561,3
561,9
561,2
561,16
561,12
561,15
561,10
561,18
561,8
562,11
562,20
562,14
562,22
562,3
562,9
562,2
562,16
562,12
562,15
562,10
562,18
562,8
563,11
563,20
563,14
563,22
563,3
564,11
564,20
564,14
564,22
564,3
564,9
564,2
564,16
564,12
564,15
564,10
564,18
564,8
564,21
565,11
565,20
565,14
565,22
565,3
565,9
565,2
565,16
565,12
565,15
565,10
565,18
566,11
566,20
566,14
566,22
566,3
566,9
566,2
566,16
566,12
566,15
566,10
566,18
566,8
566,21
566,19
567,11
567,20
567,14
567,22
567,3
567,9
567,2
567,16
567,12
567,15
567,10
567,18
567,8
568,11
568,20
568,14
568,22
568,3
568,9
568,2
568,16
569,11
569,20
569,14
569,22
569,3
570,11
570,20
570,14
570,22
570,3
570,9
570,2
570,16
570,12
570,15
570,10
570,18
570,8
570,21
570,19
570,13
570,7
570,6
570,5
570,17
571,11
571,20
571,14
571,22
571,3
571,9
571,2
571,16
571,12
571,15
572,11
573,11
573,20
573,14
573,22
573,3
573,9
573,2
573,16
573,12
573,15
573,10
573,18
573,8
573,21
573,19
573,13
573,7
573,6
573,5
573,17
573,1
574,11
574,20
574,14
574,22
574,3
574,9
574,2
574,16
574,12
574,15
574,10
574,18
574,8
574,21
574,19
574,13
574,7
574,6
575,11
575,20
575,14
575,22
575,3
575,9
575,2
575,16
575,12
575,15
575,10
575,18
575,8
575,21
575,19
575,13
575,7
575,6
576,11
576,20
576,14
576,22
576,3
576,9
577,11
577,20
577,14
577,22
577,3
577,9
577,2
578,11
578,20
578,14
578,22
578,3
578,9
578,2
578,16
578,12
578,15
578,10
578,18
578,8
578,21
578,19
578,13
578,7
579,11
579,20
579,14
579,22
579,3
579,9
579,2
579,16
579,12
579,15
579,10
580,11
580,20
580,14
580,22
581,11
581,20
581,14
581,22
581,3
581,9
581,2
581,16
581,12
581,15
581,10
581,18
581,8
581,21
581,19
581,13
581,7
581,6
581,5
581,17
581,1
582,11
582,20
582,14
582,22
582,3
582,9
583,11
583,20
583,14
583,22
583,3
583,9
583,2
583,16
583,12
583,15
583,10
583,18
583,8
583,21
584,11
584,20
584,14
584,22
584,3
584,9
584,2
584,16
584,12
584,15
585,11
585,20
585,14
585,22
585,3
585,9
585,2
585,16
585,12
585,15
585,10
585,18
585,8
585,21
585,19
585,13
585,7
586,11
586,20
587,11
587,20
587,14
587,22
587,3
587,9
587,2
587,16
588,11
588,20
588,14
589,11
589,20
589,14
589,22
589,3
589,9
589,2
589,16
589,12
589,15
590,11
590,20
590,14
590,22
590,3
590,9
590,2
590,16
590,12
590,15
591,11
591,20
591,14
591,22
592,11
592,20
592,14
592,22
592,3
592,9
592,2
592,16
592,12
592,15
592,10
592,18
592,8
592,21
592,19
593,11
593,20
593,14
593,22
593,3
593,9
593,2
593,16
593,12
593,15
593,10
593,18
593,8
593,21
594,11
594,20
594,14
594,22
594,3
594,9
594,2
594,16
595,11
595,20
595,14
595,22
595,3
595,9
595,2
595,16
595,12
595,15
595,10
595,18
595,8
595,21
595,19
595,13
595,7
595,6
595,5
595,17
596,11
596,20
596,14
596,22
596,3
596,9
596,2
596,16
596,12
596,15
597,11
597,20
597,14
597,22
597,3
597,9
597,2
597,16
597,12
597,15
597,10
597,18
597,8
597,21
597,19
597,13
597,7
597,6
597,5
598,11
598,20
598,14
598,22
598,3
598,9
598,2
598,16
598,12
598,15
598,10
598,18
598,8
598,21
599,11
599,20
599,14
599,22
599,3
599,9
599,2
599,16
599,12
599,15
599,10
599,18
599,8
599,21
599,19
599,13
599,7
599,6
599,5
600,11
600,20
600,14
600,22
600,3
600,9
600,2
600,16
600,12
600,15
600,10
600,18
600,8
600,21
600,19
600,13
600,7
600,6
600,5
600,17
600,1
600,4
601,11
601,20
601,14
601,22
601,3
601,9
601,2
601,16
601,12
601,15
601,10
601,18
601,8
601,21
601,19
601,13
602,11
602,20
602,14
602,22
602,3
603,11
603,20
603,14
603,22
603,3
603,9
603,2
603,16
603,12
603,15
603,10
603,18
603,8
603,21
603,19
603,13
603,7
603,6
603,5
604,11
605,11
605,20
605,14
605,22
605,3
605,9
605,2
605,16
605,12
605,15
605,10
605,18
605,8
605,21
605,19
605,13
605,7
606,11
606,20
606,14
606,22
606,3
606,9
606,2
606,16
606,12
606,15
606,10
606,18
606,8
606,21
606,19
606,13
606,7
606,6
606,5
606,17
606,1
606,4
607,11
607,20
607,14
607,22
607,3
607,9
607,2
607,16
607,12
607,15
607,10
607,18
607,8
607,21
607,19
607,13
608,11
608,20
608,14
608,22
608,3
608,9
608,2
608,16
608,12
608,15
608,10
608,18
608,8
608,21
608,19
608,13
608,7
608,6
608,5
608,17
609,11
609,20
609,14
609,22
609,3
609,9
609,2
609,16
609,12
609,15
609,10
609,18
609,8
609,21
609,19
609,13
609,7
609,6
609,5
609,17
609,1
609,4
610,11
610,20
610,14
610,22
610,3
610,9
610,2
611,11
611,20
611,14
611,22
611,3
611,9
612,11
612,20
612,14
612,22
612,3
612,9
612,2
613,11
613,20
613,14
613,22
613,3
613,9
613,2
613,16
613,12
613,15
613,10
613,18
613,8
613,21
613,19
613,13
613,7
613,6
613,5
613,17
613,1
613,4
614,11
614,20
614,14
614,22
614,3
614,9
614,2
614,16
614,12
614,15
614,10
614,18
614,8
614,21
614,19
615,11
615,20
615,14
615,22
615,3
615,9
615,2
616,11
616,20
616,14
616,22
616,3
616,9
616,2
616,16
617,11
617,20
617,14
617,22
617,3
617,9
617,2
617,16
617,12
617,15
617,10
617,18
618,11
618,20
618,14
618,22
618,3
618,9
618,2
619,11
619,20
619,14
619,22
619,3
619,9
619,2
619,16
619,12
619,15
619,10
619,18
619,8
619,21
619,19
619,13
619,7
620,11
620,20
620,14
620,22
620,3
620,9
620,2
620,16
620,12
620,15
620,10
620,18
620,8
620,21
621,11
621,20
621,14
621,22
621,3
621,9
621,2
621,16
621,12
621,15
621,10
621,18
621,8
621,21
622,11
622,20
622,14
622,22
622,3
622,9
622,2
622,16
622,12
622,15
622,10
622,18
622,8
622,21
623,11
623,20
623,14
623,22
624,11
624,20
624,14
624,22
624,3
624,9
624,2
624,16
624,12
624,15
624,10
624,18
624,8
624,21
624,19
624,13
624,7
624,6
624,5
624,17
624,1
625,11
625,20
625,14
625,22
626,11
626,20
626,14
626,22
626,3
626,9
626,2
627,11
627,20
627,14
627,22
627,3
627,9
627,2
627,16
627,12
627,15
627,10
627,18
627,8
627,21
627,19
628,11
628,20
629,11
629,20
629,14
629,22
629,3
629,9
629,2
629,16
629,12
629,15
629,10
629,18
629,8
630,11
630,20
630,14
630,22
630,3
630,9
630,2
630,16
630,12
630,15
631,11
631,20
631,14
631,22
631,3
631,9
631,2
631,16
631,12
631,15
631,10
631,18
631,8
632,11
632,20
632,14
632,22
632,3
632,9
632,2
632,16
632,12
632,15
632,10
632,18
632,8
632,21
632,19
632,13
632,7
632,6
632,5
632,17
633,11
633,20
633,14
633,22
633,3
633,9
634,11
634,20
634,14
634,22
634,3
634,9
634,2
634,16
634,12
634,15
634,10
634,18
634,8
634,21
634,19
634,13
634,7
634,6
634,5
634,17
634,1
635,11
635,20
635,14
635,22
635,3
635,9
635,2
635,16
635,12
635,15
635,10
635,18
635,8
635,21
635,19
635,13
635,7
636,11
636,20
636,14
636,22
636,3
636,9
637,11
637,20
637,14
637,22
637,3
637,9
637,2
637,16
637,12
637,15
638,11
638,20
638,14
638,22
638,3
638,9
638,2
638,16
638,12
638,15
638,10
638,18
638,8
638,21
638,19
638,13
638,7
639,11
639,20
639,14
639,22
639,3
639,9
639,2
639,16
639,12
639,15
639,10
640,11
640,20
640,14
640,22
640,3
640,9
640,2
640,16
641,11
641,20
642,11
642,20
642,14
642,22
642,3
642,9
642,2
642,16
642,12
642,15
642,10
642,18
642,8
642,21
642,19
642,13
642,7
642,6
642,5
642,17
642,1
643,11
643,20
643,14
643,22
643,3
643,9
643,2
643,16
643,12
643,15
643,10
643,18
643,8
643,21
643,19
643,13
643,7
643,6
643,5
643,17
644,11
644,20
644,14
644,22
644,3
644,9
644,2
644,16
644,12
644,15
644,10
644,18
644,8
644,21
644,19
644,13
644,7
644,6
645,11
645,20
645,14
645,22
645,3
645,9
645,2
645,16
645,12
645,15
645,10
645,18
645,8
646,11
646,20
646,14
646,22
646,3
647,11
647,20
647,14
647,22
647,3
647,9
647,2
647,16
647,12
647,15
647,10
647,18
647,8
647,21
647,19
647,13
647,7
647,6
647,5
648,11
648,20
648,14
648,22
648,3
648,9
648,2
648,16
648,12
648,15
648,10
648,18
648,8
648,21
648,19
649,11
649,20
649,14
649,22
649,3
649,9
649,2
649,16
649,12
649,15
649,10
649,18
649,8
649,21
649,19
649,13
649,7
649,6
649,5
649,17
649,1
650,11
650,20
650,14
650,22
650,3
650,9
650,2
650,16
651,11
651,20
651,14
651,22
652,11
652,20
652,14
652,22
652,3
652,9
652,2
652,16
652,12
652,15
652,10
652,18
652,8
652,21
653,11
653,20
653,14
653,22
653,3
653,9
653,2
653,16
654,11
654,20
654,14
654,22
654,3
654,9
654,2
654,16
654,12
655,11
655,20
655,14
655,22
655,3
655,9
655,2
655,16
655,12
655,15
655,10
655,18
655,8
656,11
656,20
656,14
656,22
656,3
656,9
656,2
656,16
656,12
656,15
656,10
656,18
656,8
656,21
656,19
656,13
656,7
656,6
656,5
657,11
658,11
658,20
658,14
659,11
659,20
659,14
659,22
659,3
659,9
659,2
659,16
659,12
659,15
659,10
659,18
659,8
659,21
659,19
659,13
659,7
659,6
659,5
660,11
660,20
660,14
661,11
661,20
661,14
661,22
661,3
661,9
661,2
661,16
661,12
661,15
661,10
661,18
661,8
661,21
661,19
661,13
661,7
661,6
661,5
661,17
661,1
661,4
662,11
662,20
662,14
662,22
662,3
662,9
662,2
662,16
662,12
662,15
662,10
662,18
662,8
663,11
663,20
663,14
663,22
663,3
663,9
663,2
663,16
663,12
663,15
663,10
663,18
663,8
663,21
663,19
663,13
663,7
663,6
663,5
663,17
663,1
664,11
664,20
664,14
664,22
664,3
664,9
664,2
664,16
664,12
664,15
664,10
664,18
664,8
664,21
665,11
665,20
665,14
665,22
666,11
666,20
666,14
666,22
666,3
666,9
667,11
668,11
668,20
668,14
668,22
668,3
668,9
668,2
668,16
668,12
668,15
668,10
668,18
668,8
668,21
668,19
669,11
669,20
669,14
669,22
669,3
669,9
669,2
669,16
669,12
669,15
669,10
669,18
669,8
669,21
669,19
669,13
669,7
669,6
669,5
670,11
670,20
670,14
670,22
671,11
671,20
671,14
671,22
671,3
672,11
672,20
672,14
672,22
672,3
672,9
672,2
672,16
673,11
673,20
673,14
673,22
673,3
673,9
674,11
674,20
674,14
674,22
674,3
674,9
674,2
674,16
674,12
674,15
674,10
674,18
674,8
674,21
674,19
674,13
674,7
674,6
674,5
674,17
675,11
675,20
675,14
675,22
675,3
675,9
675,2
675,16
675,12
675,15
675,10
675,18
675,8
675,21
675,19
675,13
675,7
675,6
675,5
676,11
677,11
677,20
677,14
677,22
677,3
677,9
677,2
677,16
677,12
677,15
678,11
679,11
679,20
679,14
679,22
679,3
679,9
679,2
679,16
679,12
679,15
679,10
679,18
679,8
680,11
680,20
680,14
680,22
680,3
680,9
680,2
680,16
680,12
680,15
680,10
680,18
680,8
680,21
680,19
680,13
680,7
680,6
680,5
680,17
680,1
680,4
681,11
681,20
681,14
681,22
681,3
681,9
681,2
681,16
681,12
681,15
681,10
681,18
681,8
681,21
681,19
682,11
682,20
682,14
682,22
682,3
682,9
682,2
682,16
682,12
682,15
682,10
682,18
682,8
682,21
682,19
683,11
683,20
684,11
684,20
684,14
684,22
684,3
684,9
684,2
684,16
684,12
684,15
684,10
684,18
684,8
684,21
684,19
684,13
684,7
684,6
685,11
685,20
685,14
685,22
685,3
686,11
686,20
686,14
686,22
686,3
686,9
686,2
686,16
686,12
686,15
686,10
686,18
686,8
686,21
686,19
686,13
686,7
686,6
686,5
686,17
687,11
687,20
687,14
687,22
687,3
687,9
687,2
687,16
687,12
687,15
687,10
687,18
687,8
687,21
687,19
687,13
687,7
687,6
687,5
687,17
687,1
687,4
688,11
688,20
688,14
688,22
688,3
688,9
688,2
688,16
688,12
688,15
688,10
688,18
688,8
688,21
688,19
688,13
688,7
688,6
688,5
688,17
688,1
689,11
689,20
689,14
689,22
689,3
689,9
689,2
689,16
689,12
689,15
689,10
689,18
689,8
689,21
689,19
689,13
689,7
689,6
690,11
690,20
690,14
690,22
690,3
690,9
690,2
690,16
690,12
690,15
690,10
690,18
690,8
690,21
690,19
691,11
691,20
691,14
691,22
691,3
691,9
691,2
691,16
691,12
691,15
691,10
691,18
691,8
691,21
691,19
691,13
691,7
691,6
692,11
692,20
692,14
693,11
693,20
693,14
693,22
693,3
693,9
693,2
693,16
693,12
693,15
693,10
693,18
693,8
693,21
694,11
694,20
694,14
694,22
694,3
694,9
694,2
694,16
694,12
694,15
695,11
695,20
695,14
695,22
695,3
695,9
695,2
696,11
696,20
696,14
697,11
697,20
697,14
698,11
698,20
698,14
698,22
698,3
698,9
698,2
698,16
698,12
698,15
698,10
698,18
698,8
698,21
699,11
699,20
699,14
699,22
699,3
699,9
699,2
699,16
699,12
699,15
699,10
699,18
699,8
700,11
700,20
700,14
700,22
700,3
700,9
700,2
700,16
700,12
700,15
700,10
700,18
700,8
700,21
701,11
701,20
701,14
701,22
701,3
701,9
701,2
701,16
701,12
701,15
701,10
701,18
701,8
701,21
701,19
701,13
701,7
701,6
702,11
702,20
702,14
702,22
702,3
702,9
702,2
702,16
702,12
702,15
702,10
702,18
702,8
702,21
702,19
702,13
702,7
702,6
702,5
702,17
702,1
702,4
703,11
703,20
703,14
703,22
703,3
703,9
703,2
703,16
703,12
703,15
703,10
703,18
703,8
703,21
703,19
703,13
703,7
703,6
704,11
704,20
704,14
704,22
704,3
704,9
704,2
704,16
704,12
704,15
704,10
704,18
704,8
704,21
704,19
704,13
704,7
704,6
704,5
704,17
704,1
705,11
705,20
705,14
705,22
705,3
705,9
705,2
705,16
705,12
705,15
705,10
705,18
705,8
705,21
706,11
706,20
706,14
706,22
706,3
706,9
706,2
706,16
706,12
706,15
707,11
707,20
707,14
708,11
708,20
708,14
708,22
709,11
709,20
709,14
709,22
709,3
709,9
709,2
709,16
709,12
709,15
709,10
709,18
709,8
709,21
709,19
709,13
709,7
710,11
710,20
710,14
710,22
710,3
710,9
710,2
710,16
710,12
710,15
710,10
710,18
710,8
710,21
710,19
710,13
710,7
710,6
710,5
710,17
710,1
710,4
711,11
711,20
711,14
711,22
711,3
711,9
711,2
711,16
711,12
711,15
711,10
711,18
711,8
711,21
711,19
711,13
711,7
711,6
711,5
711,17
712,11
712,20
712,14
712,22
712,3
712,9
712,2
712,16
713,11
713,20
713,14
713,22
713,3
713,9
713,2
713,16
713,12
713,15
713,10
713,18
713,8
714,11
714,20
714,14
714,22
714,3
714,9
714,2
714,16
714,12
714,15
714,10
714,18
714,8
714,21
714,19
714,13
714,7
714,6
714,5
714,17
714,1
714,4
715,11
715,20
715,14
715,22
715,3
715,9
715,2
715,16
715,12
715,15
715,10
715,18
715,8
715,21
715,19
715,13
715,7
715,6
716,11
716,20
716,14
716,22
716,3
716,9
716,2
716,16
716,12
716,15
716,10
716,18
716,8
716,21
717,11
718,11
718,20
718,14
718,22
718,3
718,9
718,2
718,16
718,12
718,15
718,10
718,18
718,8
718,21
719,11
719,20
719,14
719,22
720,11
720,20
720,14
720,22
720,3
720,9
721,11
721,20
721,14
721,22
721,3
721,9
721,2
721,16
722,11
722,20
722,14
722,22
722,3
722,9
722,2
722,16
722,12
722,15
722,10
722,18
723,11
723,20
723,14
723,22
723,3
723,9
723,2
723,16
724,11
724,20
724,14
724,22
724,3
724,9
724,2
724,16
724,12
725,11
725,20
725,14
725,22
725,3
725,9
725,2
725,16
726,11
726,20
726,14
726,22
726,3
726,9
726,2
726,16
726,12
726,15
726,10
726,18
726,8
726,21
726,19
726,13
726,7
726,6
726,5
726,17
726,1
726,4
727,11
727,20
727,14
727,22
727,3
727,9
727,2
728,11
728,20
728,14
728,22
728,3
728,9
728,2
728,16
728,12
728,15
728,10
728,18
728,8
728,21
728,19
728,13
728,7
729,11
729,20
729,14
729,22
729,3
729,9
729,2
729,16
729,12
729,15
729,10
729,18
729,8
729,21
729,19
729,13
729,7
730,11
730,20
730,14
731,11
731,20
731,14
731,22
731,3
731,9
731,2
731,16
731,12
731,15
731,10
731,18
731,8
731,21
731,19
731,13
731,7
731,6
731,5
731,17
731,1
731,4
732,11
732,20
732,14
732,22
732,3
732,9
732,2
732,16
732,12
732,15
732,10
732,18
732,8
732,21
732,19
732,13
732,7
732,6
732,5
732,17
732,1
733,11
733,20
733,14
733,22
733,3
733,9
733,2
733,16
733,12
733,15
733,10
733,18
733,8
733,21
733,19
733,13
733,7
733,6
733,5
733,17
734,11
734,20
734,14
734,22
734,3
734,9
734,2
734,16
734,12
734,15
734,10
734,18
735,11
735,20
735,14
735,22
735,3
736,11
736,20
736,14
736,22
736,3
736,9
736,2
736,16
736,12
736,15
736,10
736,18
737,11
737,20
737,14
737,22
737,3
737,9
737,2
737,16
737,12
737,15
737,10
737,18
737,8
737,21
737,19
737,13
737,7
737,6
737,5
737,17
737,1
737,4
738,11
738,20
738,14
738,22
738,3
738,9
738,2
739,11
739,20
739,14
739,22
739,3
740,11
740,20
740,14
740,22
740,3
740,9
740,2
740,16
741,11
741,20
741,14
741,22
741,3
741,9
741,2
741,16
741,12
741,15
741,10
742,11
742,20
742,14
742,22
742,3
742,9
742,2
742,16
742,12
743,11
743,20
743,14
743,22
743,3
743,9
743,2
743,16
743,12
743,15
743,10
743,18
743,8
743,21
743,19
744,11
745,11
745,20
746,11
746,20
746,14
746,22
747,11
747,20
747,14
747,22
747,3
747,9
747,2
748,11
748,20
748,14
748,22
748,3
748,9
748,2
748,16
749,11
749,20
749,14
749,22
749,3
749,9
749,2
749,16
749,12
749,15
749,10
749,18
749,8
749,21
749,19
749,13
749,7
749,6
750,11
750,20
750,14
750,22
750,3
750,9
750,2
751,11
751,20
751,14
751,22
751,3
751,9
751,2
751,16
751,12
751,15
751,10
751,18
751,8
751,21
751,19
751,13
751,7
751,6
752,11
752,20
752,14
752,22
752,3
752,9
752,2
752,16
752,12
752,15
752,10
752,18
752,8
752,21
752,19
752,13
752,7
752,6
752,5
752,17
752,1
752,4
753,11
753,20
753,14
753,22
753,3
753,9
753,2
753,16
753,12
753,15
753,10
753,18
753,8
753,21
754,11
754,20
754,14
754,22
754,3
754,9
754,2
754,16
754,12
754,15
754,10
754,18
754,8
754,21
754,19
754,13
754,7
755,11
755,20
755,14
755,22
755,3
755,9
755,2
755,16
755,12
755,15
755,10
755,18
755,8
755,21
755,19
755,13
755,7
756,11
756,20
756,14
756,22
756,3
756,9
756,2
756,16
756,12
756,15
756,10
756,18
756,8
756,21
756,19
756,13
756,7
756,6
756,5
756,17
756,1
757,11
757,20
757,14
757,22
758,11
759,11
759,20
759,14
759,22
759,3
759,9
759,2
759,16
759,12
760,11
760,20
760,14
760,22
760,3
760,9
760,2
760,16
760,12
760,15
760,10
760,18
760,8
760,21
760,19
760,13
760,7
761,11
761,20
761,14
761,22
761,3
761,9
761,2
761,16
761,12
761,15
761,10
761,18
761,8
761,21
761,19
761,13
762,11
762,20
762,14
762,22
762,3
762,9
763,11
763,20
763,14
763,22
763,3
763,9
763,2
763,16
763,12
763,15
764,11
764,20
764,14
764,22
764,3
765,11
765,20
765,14
765,22
765,3
765,9
765,2
765,16
765,12
765,15
765,10
765,18
766,11
766,20
766,14
766,22
766,3
766,9
766,2
766,16
766,12
766,15
766,10
766,18
766,8
766,21
767,11
767,20
767,14
767,22
767,3
767,9
767,2
767,16
767,12
767,15
767,10
767,18
767,8
767,21
767,19
767,13
767,7
767,6
767,5
767,17
768,11
768,20
768,14
768,22
768,3
768,9
769,11
769,20
769,14
769,22
769,3
769,9
769,2
769,16
769,12
769,15
769,10
769,18
769,8
769,21
769,19
769,13
769,7
769,6
769,5
769,17
769,1
769,4
770,11
770,20
770,14
770,22
770,3
770,9
770,2
770,16
770,12
770,15
770,10
770,18
771,11
771,20
771,14
771,22
771,3
771,9
771,2
771,16
771,12
771,15
771,10
771,18
771,8
771,21
771,19
771,13
771,7
771,6
771,5
771,17
771,1
772,11
772,20
772,14
772,22
772,3
773,11
774,11
774,20
774,14
774,22
774,3
774,9
774,2
774,16
774,12
774,15
774,10
774,18
774,8
774,21
774,19
774,13
774,7
774,6
774,5
775,11
775,20
775,14
775,22
775,3
776,11
776,20
776,14
776,22
776,3
776,9
776,2
776,16
776,12
776,15
776,10
777,11
777,20
777,14
777,22
777,3
777,9
777,2
777,16
777,12
777,15
777,10
778,11
778,20
778,14
778,22
778,3
778,9
778,2
778,16
778,12
778,15
779,11
779,20
779,14
779,22
779,3
779,9
779,2
779,16
779,12
779,15
779,10
780,11
780,20
780,14
780,22
780,3
780,9
781,11
781,20
781,14
781,22
781,3
781,9
781,2
781,16
781,12
781,15
781,10
781,18
781,8
782,11
782,20
782,14
782,22
782,3
783,11
783,20
783,14
783,22
783,3
784,11
784,20
784,14
784,22
784,3
784,9
784,2
784,16
784,12
784,15
784,10
784,18
784,8
784,21
785,11
785,20
786,11
786,20
786,14
786,22
786,3
786,9
786,2
786,16
786,12
786,15
786,10
786,18
786,8
786,21
787,11
787,20
787,14
787,22
787,3
787,9
787,2
788,11
788,20
788,14
788,22
788,3
788,9
788,2
788,16
788,12
788,15
788,10
788,18
788,8
788,21
788,19
788,13
788,7
788,6
788,5
788,17
788,1
788,4
789,11
789,20
789,14
789,22
789,3
789,9
789,2
789,16
789,12
789,15
789,10
789,18
789,8
789,21
789,19
789,13
789,7
789,6
790,11
790,20
790,14
790,22
790,3
790,9
790,2
790,16
790,12
790,15
790,10
790,18
790,8
790,21
790,19
790,13
790,7
790,6
790,5
790,17
790,1
790,4
791,11
792,11
792,20
792,14
792,22
792,3
792,9
792,2
792,16
792,12
792,15
792,10
792,18
792,8
792,21
793,11
793,20
793,14
793,22
793,3
793,9
793,2
793,16
793,12
793,15
793,10
793,18
793,8
793,21
794,11
794,20
794,14
794,22
794,3
794,9
794,2
795,11
795,20
795,14
795,22
795,3
795,9
795,2
795,16
795,12
795,15
795,10
795,18
795,8
795,21
795,19
795,13
795,7
795,6
795,5
796,11
796,20
796,14
796,22
796,3
796,9
796,2
796,16
796,12
796,15
796,10
796,18
796,8
796,21
796,19
796,13
796,7
796,6
796,5
796,17
796,1
797,11
797,20
797,14
797,22
797,3
797,9
797,2
797,16
797,12
797,15
797,10
797,18
797,8
797,21
797,19
797,13
798,11
798,20
798,14
798,22
798,3
798,9
798,2
798,16
798,12
798,15
798,10
798,18
798,8
798,21
798,19
798,13
798,7
799,11
799,20
799,14
799,22
799,3
799,9
799,2
799,16
799,12
799,15
799,10
799,18
799,8
799,21
799,19
799,13
799,7
799,6
799,5
799,17
799,1
799,4
800,11
800,20
800,14
800,22
800,3
800,9
800,2
800,16
800,12
800,15
800,10
800,18
800,8
800,21
800,19
800,13
800,7
800,6
800,5
801,11
801,20
801,14
801,22
801,3
801,9
801,2
801,16
801,12
801,15
801,10
801,18
801,8
801,21
801,19
801,13
801,7
801,6
801,5
801,17
801,1
802,11
802,20
802,14
802,22
802,3
803,11
803,20
803,14
803,22
803,3
803,9
803,2
803,16
803,12
803,15
803,10
803,18
803,8
803,21
803,19
803,13
803,7
803,6
803,5
804,11
805,11
805,20
805,14
805,22
805,3
805,9
805,2
805,16
805,12
805,15
805,10
805,18
805,8
805,21
805,19
805,13
805,7
806,11
806,20
806,14
806,22
806,3
806,9
806,2
806,16
806,12
806,15
806,10
806,18
806,8
806,21
806,19
806,13
806,7
806,6
807,11
807,20
807,14
807,22
807,3
807,9
807,2
807,16
807,12
807,15
807,10
807,18
807,8
807,21
807,19
807,13
807,7
808,11
808,20
808,14
808,22
808,3
808,9
808,2
808,16
808,12
808,15
808,10
808,18
808,8
808,21
808,19
808,13
808,7
808,6
808,5
808,17
809,11
809,20
809,14
809,22
809,3
809,9
809,2
809,16
809,12
809,15
809,10
809,18
809,8
809,21
809,19
809,13
810,11
810,20
810,14
810,22
810,3
810,9
810,2
810,16
810,12
810,15
810,10
810,18
811,11
811,20
811,14
811,22
811,3
811,9
811,2
811,16
811,12
811,15
811,10
811,18
811,8
811,21
811,19
811,13
811,7
811,6
811,5
811,17
811,1
812,11
812,20
813,11
813,20
813,14
813,22
813,3
813,9
813,2
814,11
814,20
814,14
814,22
814,3
814,9
814,2
814,16
815,11
815,20
815,14
815,22
815,3
815,9
815,2
816,11
816,20
816,14
816,22
816,3
816,9
816,2
816,16
816,12
816,15
816,10
816,18
816,8
816,21
816,19
816,13
816,7
816,6
816,5
817,11
817,20
817,14
817,22
817,3
817,9
817,2
817,16
817,12
817,15
817,10
817,18
817,8
817,21
817,19
817,13
818,11
818,20
818,14
818,22
818,3
819,11
819,20
819,14
820,11
820,20
820,14
820,22
820,3
820,9
820,2
820,16
820,12
820,15
820,10
820,18
820,8
820,21
820,19
820,13
820,7
821,11
821,20
821,14
821,22
821,3
822,11
822,20
822,14
822,22
822,3
822,9
822,2
822,16
822,12
822,15
822,10
822,18
822,8
822,21
822,19
822,13
822,7
822,6
822,5
822,17
822,1
823,11
823,20
823,14
823,22
823,3
823,9
823,2
824,11
824,20
824,14
824,22
824,3
824,9
824,2
824,16
824,12
824,15
824,10
824,18
824,8
824,21
824,19
825,11
825,20
825,14
825,22
825,3
826,11
826,20
827,11
827,20
827,14
827,22
827,3
827,9
827,2
827,16
827,12
827,15
827,10
827,18
827,8
827,21
827,19
827,13
827,7
828,11
829,11
829,20
829,14
829,22
830,11
830,20
830,14
830,22
830,3
830,9
830,2
830,16
830,12
830,15
830,10
830,18
830,8
830,21
830,19
830,13
830,7
831,11
831,20
831,14
831,22
831,3
831,9
831,2
831,16
831,12
831,15
831,10
831,18
832,11
832,20
832,14
832,22
832,3
832,9
832,2
832,16
832,12
832,15
832,10
832,18
832,8
832,21
832,19
832,13
832,7
832,6
833,11
833,20
833,14
833,22
833,3
833,9
833,2
833,16
833,12
833,15
833,10
833,18
833,8
833,21
834,11
834,20
834,14
834,22
834,3
834,9
834,2
834,16
834,12
834,15
834,10
834,18
834,8
834,21
834,19
834,13
834,7
834,6
834,5
834,17
834,1
835,11
835,20
835,14
835,22
835,3
836,11
836,20
836,14
836,22
836,3
836,9
836,2
836,16
836,12
836,15
836,10
836,18
836,8
836,21
836,19
836,13
836,7
836,6
836,5
836,17
836,1
836,4
837,11
837,20
837,14
837,22
837,3
837,9
837,2
838,11
838,20
838,14
838,22
838,3
838,9
839,11
839,20
839,14
839,22
839,3
839,9
839,2
839,16
839,12
839,15
839,10
839,18
839,8
839,21
839,19
840,11
840,20
840,14
840,22
840,3
840,9
840,2
840,16
840,12
840,15
840,10
840,18
840,8
840,21
840,19
840,13
840,7
840,6
841,11
841,20
841,14
841,22
841,3
841,9
841,2
842,11
842,20
842,14
842,22
842,3
842,9
842,2
842,16
842,12
842,15
842,10
842,18
842,8
842,21
842,19
842,13
843,11
843,20
843,14
843,22
843,3
843,9
843,2
844,11
844,20
844,14
844,22
845,11
845,20
845,14
845,22
845,3
845,9
845,2
845,16
846,11
846,20
846,14
846,22
846,3
846,9
846,2
846,16
847,11
847,20
847,14
847,22
847,3
847,9
847,2
847,16
847,12
847,15
847,10
847,18
847,8
847,21
847,19
847,13
847,7
847,6
847,5
848,11
848,20
848,14
848,22
848,3
848,9
848,2
848,16
848,12
848,15
848,10
848,18
848,8
848,21
849,11
849,20
849,14
849,22
849,3
849,9
849,2
849,16
849,12
849,15
849,10
849,18
850,11
850,20
850,14
850,22
850,3
850,9
850,2
850,16
850,12
850,15
850,10
850,18
850,8
851,11
851,20
851,14
851,22
851,3
851,9
851,2
851,16
851,12
851,15
851,10
852,11
852,20
852,14
852,22
852,3
852,9
852,2
852,16
852,12
852,15
852,10
852,18
852,8
852,21
852,19
853,11
853,20
853,14
853,22
853,3
853,9
853,2
853,16
853,12
853,15
853,10
853,18
853,8
853,21
853,19
853,13
853,7
854,11
854,20
854,14
854,22
854,3
854,9
854,2
854,16
854,12
854,15
854,10
854,18
854,8
854,21
854,19
854,13
854,7
854,6
854,5
854,17
854,1
854,4
855,11
855,20
855,14
856,11
856,20
856,14
856,22
856,3
856,9
856,2
857,11
857,20
857,14
857,22
857,3
857,9
857,2
857,16
857,12
858,11
858,20
858,14
858,22
859,11
859,20
859,14
859,22
859,3
859,9
859,2
859,16
859,12
859,15
859,10
859,18
859,8
859,21
859,19
859,13
859,7
859,6
860,11
860,20
860,14
860,22
860,3
860,9
861,11
861,20
861,14
861,22
861,3
861,9
861,2
861,16
861,12
862,11
862,20
862,14
862,22
862,3
862,9
862,2
862,16
862,12
862,15
862,10
862,18
862,8
863,11
863,20
863,14
863,22
863,3
863,9
863,2
863,16
864,11
864,20
864,14
865,11
865,20
865,14
865,22
865,3
865,9
865,2
865,16
865,12
865,15
865,10
865,18
865,8
865,21
865,19
865,13
866,11
866,20
866,14
866,22
866,3
866,9
866,2
866,16
866,12
866,15
867,11
867,20
867,14
867,22
867,3
867,9
867,2
867,16
867,12
867,15
867,10
867,18
867,8
867,21
868,11
868,20
868,14
868,22
868,3
868,9
869,11
869,20
869,14
869,22
869,3
869,9
870,11
870,20
870,14
870,22
870,3
870,9
870,2
870,16
870,12
870,15
870,10
870,18
870,8
870,21
870,19
870,13
871,11
871,20
871,14
871,22
871,3
871,9
871,2
871,16
871,12
871,15
871,10
871,18
872,11
872,20
872,14
872,22
872,3
872,9
873,11
873,20
873,14
873,22
873,3
874,11
874,20
874,14
874,22
874,3
875,11
875,20
875,14
876,11
876,20
876,14
876,22
876,3
876,9
876,2
876,16
876,12
876,15
876,10
876,18
876,8
876,21
876,19
876,13
877,11
877,20
877,14
877,22
877,3
877,9
877,2
877,16
877,12
877,15
877,10
877,18
877,8
877,21
877,19
877,13
877,7
877,6
877,5
877,17
878,11
878,20
878,14
878,22
878,3
878,9
878,2
878,16
878,12
878,15
878,10
878,18
878,8
878,21
878,19
878,13
878,7
878,6
878,5
879,11
879,20
879,14
879,22
880,11
880,20
880,14
880,22
880,3
880,9
880,2
880,16
880,12
880,15
880,10
880,18
880,8
881,11
881,20
881,14
881,22
881,3
881,9
881,2
881,16
881,12
881,15
881,10
881,18
882,11
882,20
882,14
882,22
882,3
882,9
882,2
882,16
882,12
882,15
882,10
883,11
883,20
883,14
883,22
883,3
883,9
883,2
883,16
883,12
883,15
883,10
883,18
883,8
883,21
883,19
883,13
883,7
883,6
883,5
883,17
884,11
884,20
884,14
884,22
884,3
884,9
884,2
884,16
884,12
884,15
884,10
884,18
884,8
884,21
884,19
884,13
884,7
885,11
885,20
885,14
885,22
885,3
885,9
885,2
885,16
885,12
885,15
885,10
885,18
885,8
885,21
885,19
885,13
885,7
886,11
886,20
886,14
886,22
886,3
886,9
886,2
886,16
886,12
886,15
887,11
887,20
887,14
888,11
888,20
888,14
888,22
888,3
888,9
888,2
888,16
888,12
888,15
888,10
888,18
888,8
888,21
888,19
888,13
889,11
889,20
889,14
889,22
889,3
889,9
889,2
889,16
889,12
889,15
890,11
890,20
890,14
890,22
890,3
890,9
890,2
890,16
891,11
891,20
891,14
891,22
891,3
891,9
891,2
891,16
891,12
891,15
891,10
891,18
891,8
891,21
892,11
892,20
892,14
892,22
892,3
892,9
892,2
892,16
892,12
892,15
892,10
892,18
892,8
892,21
892,19
892,13
893,11
893,20
894,11
894,20
894,14
894,22
894,3
894,9
894,2
894,16
894,12
894,15
894,10
894,18
894,8
894,21
895,11
895,20
896,11
897,11
897,20
897,14
897,22
897,3
897,9
897,2
897,16
897,12
897,15
897,10
897,18
898,11
898,20
898,14
898,22
898,3
898,9
898,2
898,16
898,12
898,15
898,10
898,18
898,8
898,21
898,19
898,13
899,11
899,20
899,14
899,22
899,3
899,9
899,2
900,11
900,20
900,14
900,22
901,11
901,20
901,14
902,11
902,20
902,14
902,22
903,11
903,20
903,14
903,22
903,3
903,9
904,11
904,20
904,14
904,22
904,3
905,11
905,20
906,11
906,20
906,14
906,22
906,3
906,9
906,2
906,16
906,12
906,15
906,10
906,18
906,8
907,11
907,20
907,14
907,22
907,3
908,11
908,20
908,14
908,22
908,3
909,11
909,20
909,14
909,22
909,3
910,11
910,20
910,14
910,22
910,3
910,9
910,2
910,16
910,12
910,15
910,10
910,18
910,8
910,21
910,19
910,13
911,11
911,20
911,14
911,22
911,3
911,9
911,2
911,16
911,12
911,15
911,10
911,18
911,8
911,21
912,11
912,20
912,14
912,22
912,3
912,9
912,2
912,16
912,12
912,15
912,10
912,18
912,8
913,11
913,20
913,14
913,22
913,3
913,9
913,2
913,16
913,12
913,15
913,10
913,18
913,8
913,21
913,19
913,13
913,7
913,6
913,5
913,17
914,11
914,20
914,14
914,22
914,3
914,9
914,2
914,16
914,12
914,15
914,10
914,18
914,8
914,21
914,19
914,13
914,7
914,6
914,5
915,11
915,20
915,14
915,22
915,3
915,9
915,2
915,16
915,12
915,15
915,10
915,18
915,8
915,21
915,19
915,13
915,7
915,6
915,5
915,17
915,1
915,4
916,11
916,20
916,14
916,22
916,3
916,9
916,2
916,16
916,12
916,15
916,10
916,18
916,8
916,21
916,19
916,13
916,7
916,6
916,5
916,17
916,1
917,11
917,20
917,14
917,22
917,3
917,9
917,2
917,16
917,12
917,15
917,10
917,18
917,8
917,21
917,19
917,13
917,7
917,6
918,11
918,20
918,14
918,22
918,3
918,9
918,2
918,16
919,11
919,20
919,14
919,22
919,3
919,9
919,2
919,16
919,12
919,15
919,10
919,18
919,8
919,21
919,19
919,13
919,7
919,6
919,5
920,11
921,11
921,20
921,14
921,22
921,3
921,9
921,2
921,16
921,12
921,15
921,10
921,18
921,8
922,11
922,20
922,14
922,22
922,3
923,11
923,20
923,14
923,22
923,3
923,9
923,2
923,16
923,12
923,15
923,10
923,18
924,11
924,20
925,11
925,20
925,14
925,22
925,3
925,9
925,2
925,16
925,12
925,15
926,11
926,20
926,14
926,22
926,3
926,9
926,2
926,16
926,12
926,15
926,10
926,18
926,8
926,21
926,19
927,11
927,20
927,14
927,22
927,3
927,9
927,2
927,16
927,12
927,15
927,10
928,11
929,11
929,20
929,14
929,22
929,3
929,9
929,2
929,16
929,12
929,15
929,10
930,11
930,20
930,14
930,22
930,3
930,9
930,2
930,16
930,12
930,15
930,10
930,18
931,11
931,20
931,14
931,22
931,3
931,9
931,2
931,16
931,12
931,15
931,10
931,18
931,8
931,21
931,19
932,11
932,20
932,14
932,22
932,3
932,9
932,2
932,16
932,12
932,15
932,10
932,18
932,8
932,21
932,19
933,11
933,20
933,14
933,22
933,3
934,11
934,20
934,14
934,22
934,3
934,9
934,2
934,16
934,12
934,15
934,10
934,18
934,8
934,21
934,19
934,13
934,7
934,6
934,5
934,17
934,1
934,4
935,11
935,20
936,11
936,20
936,14
936,22
937,11
937,20
937,14
937,22
938,11
938,20
938,14
938,22
938,3
938,9
939,11
939,20
939,14
939,22
939,3
939,9
939,2
939,16
939,12
939,15
939,10
939,18
939,8
939,21
940,11
940,20
940,14
941,11
941,20
941,14
941,22
941,3
941,9
941,2
941,16
941,12
941,15
941,10
941,18
941,8
941,21
941,19
941,13
941,7
941,6
942,11
942,20
942,14
942,22
942,3
942,9
942,2
942,16
942,12
942,15
942,10
942,18
942,8
942,21
942,19
942,13
942,7
942,6
942,5
942,17
942,1
943,11
943,20
943,14
943,22
943,3
943,9
943,2
943,16
943,12
943,15
943,10
943,18
943,8
943,21
943,19
943,13
943,7
944,11
944,20
944,14
944,22
944,3
944,9
944,2
945,11
945,20
945,14
945,22
945,3
945,9
945,2
945,16
945,12
945,15
946,11
946,20
946,14
946,22
946,3
946,9
946,2
946,16
946,12
946,15
946,10
947,11
947,20
947,14
947,22
947,3
947,9
947,2
947,16
947,12
947,15
947,10
947,18
947,8
947,21
947,19
947,13
947,7
948,11
948,20
948,14
948,22
948,3
948,9
948,2
948,16
948,12
949,11
949,20
949,14
949,22
949,3
949,9
949,2
949,16
949,12
949,15
949,10
949,18
949,8
950,11
950,20
950,14
950,22
950,3
950,9
950,2
950,16
950,12
950,15
950,10
950,18
950,8
950,21
950,19
950,13
950,7
950,6
950,5
950,17
950,1
951,11
951,20
951,14
951,22
951,3
951,9
951,2
951,16
951,12
951,15
951,10
951,18
951,8
951,21
952,11
952,20
952,14
952,22
952,3
952,9
952,2
952,16
953,11
953,20
953,14
953,22
954,11
954,20
954,14
954,22
954,3
954,9
954,2
954,16
954,12
954,15
954,10
954,18
954,8
954,21
955,11
955,20
955,14
955,22
955,3
955,9
955,2
955,16
955,12
955,15
955,10
955,18
955,8
955,21
955,19
955,13
955,7
955,6
955,5
956,11
956,20
956,14
956,22
956,3
956,9
956,2
956,16
956,12
956,15
956,10
957,11
957,20
957,14
957,22
957,3
957,9
957,2
958,11
958,20
958,14
958,22
958,3
958,9
958,2
958,16
959,11
959,20
959,14
960,11
960,20
960,14
960,22
960,3
960,9
960,2
960,16
960,12
960,15
960,10
960,18
960,8
960,21
960,19
960,13
960,7
960,6
960,5
960,17
960,1
961,11
961,20
961,14
961,22
961,3
961,9
961,2
961,16
961,12
961,15
961,10
962,11
962,20
962,14
962,22
962,3
962,9
962,2
962,16
962,12
962,15
962,10
962,18
962,8
962,21
962,19
962,13
962,7
962,6
962,5
962,17
962,1
962,4
963,11
963,20
963,14
963,22
963,3
963,9
963,2
963,16
963,12
964,11
964,20
964,14
964,22
964,3
964,9
964,2
964,16
964,12
964,15
964,10
964,18
964,8
965,11
965,20
965,14
965,22
965,3
965,9
966,11
966,20
966,14
966,22
966,3
966,9
966,2
966,16
966,12
966,15
966,10
966,18
966,8
966,21
966,19
966,13
966,7
966,6
966,5
966,17
967,11
967,20
968,11
968,20
968,14
968,22
968,3
968,9
968,2
968,16
968,12
969,11
969,20
969,14
969,22
969,3
969,9
969,2
969,16
969,12
969,15
969,10
969,18
969,8
969,21
969,19
969,13
969,7
969,6
969,5
969,17
969,1
970,11
970,20
970,14
971,11
971,20
971,14
971,22
971,3
971,9
971,2
971,16
971,12
971,15
971,10
971,18
971,8
972,11
972,20
972,14
972,22
973,11
973,20
973,14
973,22
973,3
973,9
973,2
974,11
974,20
974,14
974,22
974,3
974,9
974,2
974,16
974,12
974,15
974,10
974,18
974,8
974,21
974,19
974,13
975,11
975,20
975,14
975,22
975,3
975,9
975,2
975,16
975,12
975,15
975,10
975,18
975,8
975,21
976,11
976,20
976,14
976,22
976,3
976,9
977,11
977,20
977,14
977,22
977,3
977,9
977,2
977,16
977,12
978,11
978,20
978,14
978,22
978,3
978,9
978,2
978,16
978,12
978,15
978,10
978,18
978,8
978,21
978,19
978,13
978,7
978,6
978,5
978,17
978,1
978,4
979,11
979,20
979,14
979,22
979,3
980,11
980,20
980,14
980,22
980,3
980,9
980,2
980,16
980,12
980,15
980,10
980,18
980,8
980,21
980,19
980,13
980,7
980,6
980,5
980,17
980,1
981,11
981,20
981,14
981,22
981,3
981,9
981,2
981,16
981,12
981,15
981,10
981,18
981,8
981,21
981,19
981,13
981,7
981,6
981,5
981,17
981,1
981,4
982,11
982,20
983,11
983,20
983,14
983,22
983,3
983,9
983,2
983,16
983,12
983,15
983,10
983,18
983,8
983,21
983,19
983,13
984,11
984,20
984,14
985,11
985,20
985,14
985,22
985,3
985,9
985,2
985,16
985,12
985,15
986,11
986,20
986,14
986,22
986,3
986,9
986,2
986,16
986,12
986,15
986,10
986,18
986,8
986,21
987,11
987,20
987,14
987,22
987,3
987,9
988,11
988,20
988,14
988,22
988,3
988,9
988,2
989,11
989,20
989,14
989,22
989,3
989,9
989,2
989,16
989,12
989,15
989,10
989,18
989,8
989,21
989,19
989,13
989,7
989,6
989,5
989,17
990,11
990,20
990,14
991,11
992,11
992,20
992,14
992,22
992,3
992,9
992,2
992,16
992,12
992,15
992,10
992,18
992,8
992,21
992,19
992,13
992,7
992,6
992,5
993,11
993,20
993,14
993,22
993,3
994,11
994,20
994,14
994,22
994,3
994,9
994,2
994,16
994,12
995,11
995,20
995,14
995,22
995,3
995,9
995,2
995,16
995,12
995,15
995,10
995,18
995,8
995,21
995,19
995,13
996,11
996,20
996,14
996,22
996,3
996,9
996,2
996,16
996,12
996,15
996,10
996,18
996,8
996,21
996,19
996,13
996,7
996,6
997,11
997,20
997,14
997,22
997,3
997,9
997,2
997,16
998,11
998,20
998,14
998,22
998,3
998,9
998,2
998,16
998,12
998,15
998,10
998,18
998,8
998,21
998,19
998,13
999,11
999,20
999,14
999,22
999,3
999,9
999,2
999,16
1000,11
1000,20
1000,14
1000,22
1000,3
1000,9
1000,2
1000,16
1000,12
1000,15
1000,10
