TrackingNumber,OrderID
00390624021,007854645
00069283169,003353645
00405153995,004868789
00358913521,004794075
00835953896,001785216
00319124818,008588996
00319124818,001039828
00824886458,002023293
00824886458,007043600
00686835197,005035467
00187427849,009934976
00168223836,007299629
00633155432,004743366
00495327659,003783276
00907529396,008846741
00334754340,001651131
00889988431,009847360
00372599333,000854887
00293983319,009555026
00293983319,009140790
00052546319,002796676
00895560032,008034213
00942133385,008134551
00630006350,007333416
00630006350,007948185
00296445331,004747744
00278794094,004388512
00278794094,001835809
00977791285,002905650
00020244180,005760711
00020244180,002342136
00588906102,003911306
00258085899,007603971
00803764188,007911912
00803764188,002950140
00413115773,002143866
00984188935,003172484
00557502044,008255352
00557502044,000356215
00851847993,002020946
00621012647,000907913
00254053744,002804472
00254053744,004495639
00143596931,006366763
00176445122,001702859
00824622263,000703938
00357144027,001624966
00886654825,001167491
00886654825,002699158
00736639581,008202954
00736639581,006929001
00316057275,005678098
00347509257,002341979
00808043863,007942000
00252051933,005894990
00097074655,008428370
00212129953,002083458
00212129953,008087354
00532755588,006987079
00842127156,002714675
00989811231,004821114
00529436762,009918568
00761239644,001879814
00107029122,008919206
00631816339,006090511
00826250657,009730784
00101752855,002272857
00963373512,006599151
00007843547,008841547
00766502616,002783824
00187544182,008740181
00323132473,000292090
00323132473,002313589
00293039526,000073910
00436034359,007034706
00753401242,002271736
00644553516,000288332
00874104414,006552751
00298544722,002962676
00777795837,007591670
00248423600,009141986
00835467246,000953952
00835467246,000870082
00141735478,001426284
00514753939,001078474
00514753939,001961436
00202000650,000648754
00875075775,001513175
00548372736,005767987
00473916840,001517767
00473916840,000989792
00271055633,001521405
00841264276,009705127
00709861990,003460014
00635285771,009113394
00165406942,001989751
00122364578,005953469
00681158613,008589530
00858984082,008508104
00765840320,005743741
00828133327,004442175
00936320466,007677779
00817105098,001502700
00007334963,004287039
00456099439,003900380
00456099439,002038051
00104176456,004733574
00333688618,000887761
00614086901,005957644
00568698088,001800478
00615631307,003030437
00753579653,002242091
00430484828,007139422
00430484828,007357983
00844947762,003275182
00944606082,000264396
00807984840,009015128
00771701691,007348082
00388613961,005424141
00388613961,006948538
00299380061,001162339
00143862328,002895426
00107671243,009214851
00107671243,001636432
00015250368,002613588
00930859403,008976921
00991621701,002693232
00113515332,002212440
00231613774,005406896
00660643585,001879068
00498463146,000197561
00581590647,000589185
00581590647,002418126
00219061731,005065055
00809899541,008964177
00838255283,006206246
00111877147,005858106
00704463165,004496061
00504690345,007503771
00382779896,001016281
00266884785,001037208
00690059139,009054015
00197538672,006081814
00705377681,006638218
00335493270,008329528
00335493270,000423237
00218061421,002510248
00179162863,002296916
00140035202,000476803
00140035202,006168458
00059919893,005204344
00184661394,002782992
00068102430,009266550
00068102430,009824327
00942061667,001534990
00204413724,004924772
00204413724,009251158
00809497546,006086592
00237999530,002225883
00336767274,009950155
00184844993,001458892
00879127330,008276010
00879127330,007027180
00418972662,004142073
00418972662,000374824
00604793290,007761612
00667635920,005327857
00232307616,009422969
00547653383,004091364
00220883152,004029696
00373918748,004776393
00486049228,008809397
00791119570,004201938
00691032141,006905529
00691032141,009770266
00553493344,002276551
00907568861,000624079
00057770449,003852788
00372523954,000949431
00372523954,000241096
00360350536,009324249
00718741668,004682367
00364882939,009463743
00887572606,006976729
00887572606,009201094
00523778679,004551562
00040300294,009259184
00669303489,001769684
00042949560,008299798
00315145521,003376325
00632372676,006881586
00775034938,005907415
00630655863,007096721
00630655863,008069211
00521105267,002443809
00927916617,004060949
00927916617,008513701
00993483652,007938176
00993483652,005402472
00041272875,000928289
00140101883,001096621
00140101883,008564095
00403572200,003087450
00865960052,009448435
00006682579,003274803
00239326093,001575411
00101306471,008786164
00531400210,005817267
00548584457,003781050
00548584457,001175666
00765454492,006455476
00765454492,002068577
00354317827,009681661
00195090091,006450017
00250263190,000485168
00364477353,002066264
00595891828,001364915
00590778454,001276060
00058130181,009007998
00132786122,003623541
00132786122,007097807
00218890593,006972517
00423918096,006318187
00226756909,006393591
00280552019,000843345
00588987158,000578257
00328607678,006464566
00357358618,008158876
00299347602,000548261
00972414075,001060138
00375059936,008079580
00748718030,004997872
00006846615,007783054
00416382259,008684387
00646145450,001496937
00362217844,004364586
00148502819,004744946
00201237596,008998382
00682073921,009675407
00716245810,007629920
00646370149,009943153
00978657600,000302839
00978657600,002382494
00075302394,008399165
00021095536,003941473
00182956346,000006405
00182956346,002892266
00963337615,006553378
00507016118,003251966
00608889625,005231050
00395139091,005040312
00050279342,007553389
00712022289,000628213
00946272057,003536479
00814564727,006685585
00677818856,002975148
00677818856,005891627
00738759602,004995206
00073436384,009041947
00231058521,003856314
00231058521,001623106
00961605034,006247832
00422675370,000711623
00422675370,001110714
00249173892,003250420
00370257787,004715038
00275502806,000013178
00890231691,003733624
00146569143,002029200
00146569143,005385080
00133325020,009586217
00715517888,002717856
00240916011,000920315
00572712698,005942858
00656751418,007833240
00037035675,007322773
00438873341,003014137
00909271271,000096061
00638477680,008497143
00436205112,008816609
00168157150,001797773
00231817926,007740204
00058951853,001596114
00304087314,003427593
00000664002,006791003
00200183451,007754185
00488334605,000496297
00136103534,001627710
00802326101,001411123
00802326101,000756607
00719329786,005233936
00335252061,001258801
00120900162,006556277
00804997995,003062553
00142433728,004413137
00430483163,002600085
00974803114,007261955
00742249213,004145075
00742249213,000215730
00284807814,001301756
00700714223,008366993
00762162939,007644114
00443314302,006492809
00443314302,002793542
00378661560,009771203
00000086233,009092563
00940780468,005955288
00017654915,007425908
00112681675,004933090
00611029822,005624759
00115329073,001288363
00851807895,005499491
00119211284,009842261
00119211284,005728715
00006639652,001785699
00463081506,008805603
00759631677,004399757
00950992760,008175368
00915486492,003290415
00401394616,000556359
00748400391,008152555
00788375054,002272620
00519258060,000237738
00202826334,001324899
00072795189,000748357
00086604711,002581245
00250239398,003680847
00714453023,000636108
00291129104,008049765
00748071746,004393531
00680644800,005789070
00948995497,007216287
00132074085,006558082
00132074085,001384743
00604443419,000416705
00149982492,003501471
00259542765,004282020
00652730910,001793662
00895014739,008756582
00735745430,009112518
00243841119,004650593
00513205693,007381939
00988531531,000946064
00874583677,003289533
00494798565,004605360
00698536557,007557175
00875440934,008827989
00861910328,003104955
00675188431,007304795
00345792403,000216417
00075294645,004380905
00335173663,005818772
00474567235,002249107
00474567235,004974842
00992589552,007322116
00207886731,002395817
00207886731,006438007
00857175042,005179316
00628371206,009271691
00628371206,000059099
00985680725,000646848
00985680725,009912445
00695801478,004869713
00174092241,003134842
00678706901,000541712
00908239181,005280877
00877110276,007317667
00815738681,009929048
00532600527,002213484
00532600527,007625903
00347675250,003805029
00723177524,005237878
00025212837,007566597
00953431498,003239457
00131932359,008920413
00235149467,007114556
00810442353,007113196
00060234461,001394653
00013557418,005482207
00945154399,001537584
00945154399,003843383
00795926714,003084969
00289760092,002024374
00289760092,002536706
00072976848,006041744
00024999189,002128119
00954245113,004230943
00954245113,005232680
00873392979,006425087
00799470237,003861117
00799470237,001768675
00739111549,005274105
00617599892,001870917
00496959522,006971077
00855028038,007893926
00386739095,000050066
00263494271,009088602
00854084826,005926438
00178346314,008660498
00923935425,003440562
00829861715,005350275
00094117545,006554813
00094117545,007594652
00470774688,003360005
00470774688,008119179
00639081306,008482879
00046875083,003890868
00524272222,008304473
00524272222,001317048
00826386020,006979103
00624498928,008559708
00847616728,002895746
00712855280,002381894
00519609214,003911667
00890674970,008130239
00628291824,007103922
00184279020,004629578
00011562895,008832046
00337353643,003237923
00474518175,001708872
00094995015,004256537
00734279699,009707632
00495514313,002094513
00194555578,005171873
00879496769,003089682
00879496769,004652357
00346905236,009870022
00346905236,008673264
00845664522,001389521
00627406594,006397533
00627406594,006082665
00800876100,004666659
00104719187,003633769
00330352792,007693769
00042460831,003850045
00925534552,006243076
00331551668,008451840
00199082882,004673295
00275539411,009892292
00605451446,002435756
00827674718,008285758
00379632540,009126617
00379632540,000835579
00370869105,001846394
00634675518,009557704
00085478369,005771034
00994093065,004875801
00438910045,008956310
00422953207,002928273
00342029100,002593814
00342029100,003738326
00632576912,007483976
00632576912,007308372
00601359767,008779299
00642690172,009327406
00642690172,004761468
00519449784,006930477
00269105288,008603887
00659669758,003386767
00659669758,006380533
00178552630,003516560
00178552630,001212547
00763943002,008806798
00539729292,008723740
00780143083,000588220
00820280492,004341025
00830097786,007246051
00926134918,009944692
00245537438,008835257
00585494590,002774186
00147866172,001755781
00660418668,006927978
00195078993,004790590
00985082166,006808791
00539206667,008759665
00819999351,008888722
00348140492,007881441
00348140492,001764456
00879248918,009081958
00674317033,006859956
00889395715,003633102
00154717491,002953119
00995917052,009087163
00995917052,005472962
00477926315,007830646
00846723930,008271101
00155538065,008210118
00752331341,009987076
00318871053,001948039
00926016381,008928380
00926016381,004565425
00564924150,005902277
00840294032,008284140
00767268217,001849368
00480452004,002233078
00249143771,009289093
00249143771,003235983
00853042642,001385767
00602108990,002643968
00528082880,005795072
00247176853,002736201
00585619436,001563709
00790194565,003396285
00790194565,001280580
00779778912,006121690
00983776929,009498365
00107322086,003285004
00923467733,001936633
00891389959,000348493
00616666640,002085310
00858638322,005509231
00142490158,001882093
00142490158,003513573
00142659423,006257270
00670317484,004738348
00487270799,004430760
00314773156,006510872
00567813723,007817522
00719622857,004527437
00585627853,003573351
00224820708,007475648
00191632262,001878668
00034536798,005656795
00487876926,001406594
00381792047,008439669
00146896571,009545025
00146896571,005253972
00026761353,003830598
00021259922,009710945
00244375679,009693789
00992267930,000544561
00851052537,008213364
00506227064,003638799
00475992119,007521820
00740226171,000125542
00468291485,002336862
00466609963,009565404
00191005989,001409999
00043770468,001914894
00043770468,001514616
00982631616,003089826
00672173166,005867158
00165494530,005933931
00040071539,005707813
00383168633,007874769
00460222401,003504866
00876403736,000047966
00024868866,009965992
00660411611,009694202
00168737484,000124070
00221451480,000912757
00487095248,004783501
00755921174,006376247
00597932362,007867941
00153231010,003936276
00376689191,003103747
00149678429,009088235
00000439744,009649825
00516459742,009790998
00705041143,002006000
00705041143,005321031
00567494157,008826173
00390358876,009274179
00390358876,008485208
00819698557,006762945
00819698557,007494487
00868076422,002990069
00215455376,006703725
00012832409,000732577
00290608819,005088596
00762537898,002434971
00421798649,002116135
00887361957,005923013
00767587297,009521674
00066141894,003123505
00863164004,004476022
00275252361,005358617
00516299633,007970933
00439526156,000437019
00836584382,001743650
00515829427,009679134
00545443434,007146667
00453930635,009728200
00453930635,008210742
00263798802,001984961
00891367287,004365916
00667272976,001428186
00230928611,005980139
00460610530,005679609
00460610530,006988060
00011944269,006440926
00640997789,008403945
00640997789,002406944
00855996822,006161978
00815701168,004676075
00815701168,003823021
00978123189,007395396
00227535134,002783180
00500017146,008249626
00784622505,008962227
00086016441,004527252
00250626665,000217565
00609688269,009475545
00176409965,001826819
00910662415,009288702
00129893690,009956382
00080412006,006770993
00203987706,000558724
00203987706,006148689
00943120857,004523163
00291188077,005628516
00150874244,002981229
00460217272,002261321
00460217272,006113049
00901767435,006492150
00901767435,004669469
00847840855,001474285
00930976965,005215718
00853619869,002150972
00853619869,005670171
00455951208,009063136
00455951208,002657401
00315703358,000580797
00315703358,005242278
00418429108,001607071
00602159745,005782266
00225041193,008819980
00317037047,008435757
00883153023,005010410
00883153023,008459945
00130996093,003074047
00764770363,000525902
00219664031,007412037
00219664031,007750721
00893705029,003947347
00633557885,000302234
00232610595,008788618
00988382939,007255757
00632941771,009651270
00700449997,000894937
00538134536,001996826
00193128904,008293669
00455450128,002548469
00189444623,006633282
00920521644,005576317
00368588274,001802836
00750503655,005251755
00008078913,003422800
00077360536,006081551
00255767102,000869993
00255767102,003998933
00081537532,003888780
00479321444,001090133
00325930353,004811669
00482385912,001111872
00221561601,008049614
00243607388,004803592
00793009616,007363956
00934035467,006049837
00071007111,001619979
00928741082,009732228
00797270986,009164328
00548810724,009465199
00631048707,004437875
00070490205,009857571
00834258021,001450065
00671261990,000660870
00671261990,003113440
00924666874,000660231
00327825808,005096506
00272767774,001060336
00272767774,009636704
00757730119,002265585
00559538771,007027707
00022103093,008272872
00023400299,003475678
00071464271,001603940
00449022428,002613154
00449022428,001173654
00083681100,006799173
00393812470,001268567
00504588933,005589798
00675966897,003771222
00043235244,008170413
00302776359,006031205
00627285617,005816147
00291539685,003881361
00183014713,005532885
00821985362,003365544
00821985362,001081483
00227969108,000644869
00206081062,005981886
00533502076,009378993
00533502076,000381001
00444016683,005214648
00794013238,001586470
00794013238,009337476
00435671672,005181383
00483826010,006176708
00827339060,003413729
00492346255,004509408
00488936611,005444869
00809157982,002760647
00809157982,006480222
00299041563,004417739
00073412225,007088434
00675616283,008412376
00367979614,005212371
00386203840,004596631
00655644006,007379827
00809730619,003639226
00429914615,003011212
00193601732,006768876
00517513600,008912046
00780365059,008213317
00474350984,001955552
00350411093,006809347
00827385748,004267466
00891993707,006024592
00448529292,005124076
00588436999,006697155
00588436999,001118367
00118194916,004929678
00608926225,007739950
00907450256,006987840
00390593436,001339593
00944036030,007485168
00944036030,007467184
00471236393,002262095
00471236393,009401055
00549628990,005800655
00427355676,001496962
00414070745,007441086
00132245173,007876686
00132245173,009139953
00066647438,005320886
00066647438,003936545
00078116577,001619495
00752988322,001093701
00387967419,005180215
00294892561,006388204
00523876544,005564851
00523876544,009095858
00064983552,000795860
00195795091,008979385
00195795091,008491086
00586319011,009625689
00586319011,002883986
00875752920,009437149
00875752920,000608753
00986831599,009665082
00121876045,008855887
00666753536,000715209
00457462177,005217711
00785552314,001122731
00729856472,005541130
00729856472,009127220
00794493183,004064479
00662098174,005394199
00004197891,003442502
00975809707,002369623
00975809707,008605832
00725434464,008711142
00077857497,006816786
00692540373,009273033
00040923780,002858359
00562361149,001904738
00580400047,001040123
00877166483,000048613
00577535443,001505577
00482669073,008156754
00036432522,009128440
00746594070,006927262
00746594070,001564109
00165738506,009957800
00205347826,008233734
00205465501,007642223
00205465501,004336922
00921324262,006954508
00852234199,003725224
00691314711,007809402
00500749826,001950531
00500749826,008678634
00971424111,005091697
00103764198,000143538
00010240053,003719929
00645022082,003390911
00816198153,001590980
00853136240,006932718
00853136240,002477869
00993769849,008930183
00841068896,006789758
00841068896,001982685
00910093212,009276888
00205979455,009848853
00764943365,004237691
00491633225,003466830
00400522504,003318266
00973610300,002425379
00467571380,004163144
00853045634,000634999
00338370473,008590166
00719079600,009828175
00719079600,001808337
00345778074,005682726
00643100961,004398548
00780228086,004763819
00875516731,003544848
00519618925,008570020
00134518869,009496788
00355332602,005710855
00355332602,002415042
00213176765,002459797
00062571106,005069614
00960828916,008131210
00502196862,007213904
00966402071,007785967
00512636797,007226561
00133417582,000308901
00489941784,002318049
00292211079,009777386
00913542362,007182083
00347195618,000186496
00481930760,003580196
00351596461,000666596
00589690223,008640881
00916104877,004090117
00457762295,006584351
00457762295,008070618
00680542726,009978114
00624217224,009841006
00624217224,000796962
00850909735,003598468
00015702706,005280204
00912377557,008180638
00912377557,004089076
00149273590,003889390
00149273590,000126584
00287836823,008169538
00195877446,000295120
00747236145,006468398
00247373068,003606936
00883153148,002139473
00361167864,005960700
00515194829,008981775
00494499357,006711066
00130339764,009526229
00657082619,003094057
00516616969,007456686
00516616969,007660498
00672349409,003865772
00909235672,006456071
00466061149,006711789
00385005826,001508566
00893711688,008384188
00229099626,001163969
00721302218,009984228
00721302218,009500374
00703304848,001584715
00590043226,009565021
00712227765,002414849
00359831369,002334251
00913926589,000939023
00959622512,009201934
00577241787,000857059
00347919962,002221725
00638741834,005765641
00006957521,005549078
00893531283,003493540
00574262826,007450085
00711304907,007265354
00711304907,000935700
00443788307,003474171
00879991570,000277158
00246056657,004989480
00940220977,000582797
00616622046,004127156
00962306387,002713360
00253981954,003756001
00499999125,002461127
00905909609,000870116
00282827302,006558425
00234895784,005187600
00527185774,003005727
00975445117,004272688
00343226097,006640397
00522843692,000998757
00522843692,005099769
00322710069,000397532
00167487072,001468544
00083001782,009800491
00750528597,001373061
00333108424,004790225
00543591198,001246664
00659666058,007676787
00659666058,002281398
00106629290,007722019
00715955597,000606194
00388542157,000869578
00916014435,001322082
00146012904,006079151
00691077592,004390448
00717432665,001900363
00090253026,004886808
00003518308,002763639
00533174639,006566058
00247283036,003635771
00595371578,003730565
00473202024,004721860
00473202024,009186091
00821299323,003860226
00590477799,009980039
00299364013,002815816
00277771360,000249217
00277771360,007301398
00042783052,002361801
00151577965,005059883
00421805912,004728816
00421805912,003770522
00900525485,007744708
00647274301,002003938
00950392689,008452842
00582529310,009409497
00105685219,003797846
00673122419,009091166
00448822575,008599877
00835645746,003772346
00835645746,007491189
00495244975,003399588
00535291315,003618326
00241307614,004672919
00341429442,007393872
00042794586,000645738
00295058524,003185077
00033871346,007287803
00228391358,000271840
00946089444,005513738
00246281348,008689357
00588366327,007870471
00820128966,000047572
00607482575,002598552
00607482575,006558684
00671962415,006978409
00812316529,006248216
00642913331,000325864
00642913331,009864696
00330845562,007729842
00613856427,002608744
00166049875,007386969
00536669245,007444535
00351632678,005413129
00746561800,004916340
00198094350,009295264
00198094350,008573612
00961943114,006640975
00281773355,007678417
00524035186,004735422
00266143209,001292210
00857955278,000112873
00804039444,007626997
00804039444,007396584
00544365442,005860006
00458486748,005822045
00955383041,006792959
00795770425,003023195
00795770425,007503092
00883845702,007154179
00874754867,008516897
00865201858,004169778
00872552287,004809414
00364548876,003126306
00253918678,003977546
00980019974,005513883
00005897022,000654304
00325679376,000139738
00819238537,005604374
00819238537,009621692
00310215221,000626813
00717647899,009242573
00434723886,008160870
00434723886,000287944
00869249111,000722713
00102998380,002342332
00645842816,007802012
00599196725,002304853
00807825180,006752135
00680689504,005451069
00025179164,008418845
00183865306,001199834
00683324205,006318655
00683324205,005639802
00521511392,000498972
00000456630,009118418
00978666822,001285869
00265031203,009856378
00526253559,008905594
00114395979,007596669
00807288909,007546625
00807288909,003678618
00623639296,004633289
00009982788,007604474
00670071155,005612874
00670071155,003607424
00122287074,006133659
00100942479,005103024
00125226755,004484267
00008614135,006061195
00803202064,002764106
00124538121,007896062
00837649150,008188912
00343095222,005390968
00583171652,009802003
00875661332,009472632
00875661332,000130577
00515452350,008937645
00515452350,000017792
00130859349,000985334
00726116150,006992777
00396845535,004359153
00396845535,000284652
00378654077,008803831
00359413815,004220257
00259743763,009543755
00826985912,006633663
00563669556,009092437
00657913369,002095059
00736003567,004970652
00996866855,001812558
00519630872,004258940
00519630872,003625126
00074620055,008421751
00696149014,005023617
00480052825,003333465
00245955792,003494675
00999954869,003113425
00026977900,006395272
00570442632,007275034
00570442632,006557365
00496549005,001443166
00243775357,006515090
00243775357,003445939
00479855025,000258865
00009148001,006711351
00536105219,002179956
00454284301,004080632
00006133331,002806073
00926285916,001372703
00625364231,008893779
00031297402,009796470
00565336408,008454057
00740447827,001494501
00740447827,008759782
00729580557,000476044
00984391749,004893535
00026255565,004498418
00181630057,002412208
00947589290,002495941
00349354750,007064717
00728445782,000191078
00000039307,009232500
00420825864,009159818
00149669952,001457789
00734082739,000438976
00127009654,006207510
00808328582,003695236
00808328582,004281932
00191719433,006590053
00191719433,001288079
00670709562,006436162
00993885245,005384677
00675047162,005312242
00024275202,007418147
00777805414,003961070
00642311607,004590604
00854530853,003758089
00253952444,007697286
00047605682,003723101
00415329796,005889344
00728038902,004744307
00159547950,001756198
00159547950,008962843
00579279497,008561853
00579279497,008023216
00441176052,004562703
00164106278,004089413
00009700014,008563743
00009700014,007550548
00075531562,006653457
00276442141,007054400
00850002165,003246140
00462148766,002351222
00218830118,002140580
00555907688,004205400
00965486759,007826640
00697587669,008247250
00697587669,006018549
00801706729,002779860
00341950317,000069477
00815978810,009497402
00930057490,006988568
00311242929,008082071
00828658304,003720778
00284268471,008286633
00284268471,002539134
00600689647,006440955
00772268261,002292744
00371197296,004185882
00771246763,003582932
00188018244,002729730
00327445781,005132457
00470086246,009259071
00470086246,003209899
00318466454,002676685
00318466454,005887102
00288663997,007768319
00357117199,008368726
00475416029,002919770
00044160442,004092389
00889366115,008889037
00511615872,001973367
00853774740,005650710
00653233091,003419586
00011640089,008481721
00011640089,005944912
00014881266,004273901
00485355767,000622218
00485355767,007929189
00317285894,000156013
00916529055,000585655
00126536955,002377919
00190648211,004840970
00535216438,007325325
00255266323,006640246
00611530637,007712464
00611530637,004314027
00455971255,003202250
00589128726,003585463
00564603017,008797254
00296214325,004832225
00775681286,007796228
00010026431,002582449
00601077659,008764766
00520979789,001596814
00200262832,005325215
00558617722,006877545
00718920208,006932103
00339349237,007973617
00510522006,001091584
00720813585,003406426
00682607846,007091575
00139763760,008737051
00442967374,007483027
00736505330,004444409
00179943643,005092538
00628822475,002389977
00628822475,001256717
00298113792,002763860
00092852513,003666916
00015872792,007864807
00015872792,008986651
00585835470,003395685
00585835470,005563130
00658884921,001414204
00030038272,009255408
00243322536,007658673
00429024485,007100528
00710477115,008221723
00914476765,009028470
00444252291,009102290
00492618643,008671295
00290329188,001558683
00927104681,002168953
00376625845,003678519
00376625845,006444905
00226467623,006077800
00714997170,002756512
00487788508,002401488
00512051241,003653854
00512051241,000187179
00097974384,007504504
00511054032,009102368
00649619189,001519863
00853243876,009907864
00610884274,000920886
00855472806,009104632
00093947847,007277940
00093947847,002148964
00476231705,000513221
00476231705,007924715
00840421699,000413232
00197520682,000362063
00715737793,008567212
00478926079,007610309
00165109810,005729306
00478823002,004157475
00856503331,007016907
00841129232,005216379
00841129232,008166215
00865734261,005036631
00830641243,007884504
00993496327,009399662
00263606503,006239225
00365343496,005691371
00177309890,003988605
00177309890,002055496
00700002483,000309247
00449184210,005989968
00271591424,003218857
00348084585,001433009
00348084585,007617945
00593863192,008659463
00376380199,004375471
00579221556,006565663
00579221556,000440089
00663151544,000879100
00666892396,000507438
00666892396,008590574
00696243204,001824426
00696243204,005749031
00938564830,007794619
00695166839,005518259
00358793108,008199003
00840262273,004986847
00388184302,008750908
00861590216,009500575
00861590216,006732549
00557410697,000868059
00301000012,009715775
00042710652,003959071
00328780049,006492170
00328780049,004246459
00688535575,004430799
00328166674,001686201
00328166674,002460802
00706351809,002025913
00080458640,007523145
00237656466,008121500
00917324273,007483404
00479679750,007185862
00060192839,000210469
00432485421,000776416
00532412171,000445036
00783198763,009303767
00609400516,000021803
00224470228,004258114
00146841501,009109276
00840632992,000247835
00854484062,009999025
00854484062,009423230
00420102725,001106096
00279381518,001182629
00724195175,007912315
00771838967,000696082
00370316626,001450561
00600051243,005442018
00919867479,005405594
00919867479,004611156
00286336461,006461826
00945393908,008827163
00606376574,002188053
00073921958,007725229
00801974142,004388720
00024605912,006957509
00611793165,000309786
00415420954,009326146
00768248975,006918537
00866096612,002873801
00878961681,004466369
00830529874,001545985
00101493859,008554675
00030227584,005131108
00223430644,002644081
00386368551,002736926
00155956000,007979030
00899758356,006177192
00899758356,007354405
00274917316,004952050
00638738862,002584585
00423132576,005630643
00511866382,004577671
00515118815,003056461
00565624919,001167391
00565624919,000655636
00637308491,000839285
00295217180,008898392
00043732380,003914219
00047132952,007237662
00371853154,008178162
00371853154,008721965
00662417966,006916854
00364868275,005998105
00960255311,007956800
00139337175,000248213
00139337175,001284684
00988975978,002357826
00623991142,004044807
00520569261,006775108
00995894921,005294524
00989718095,007894597
00315836225,003864812
00140003625,008271341
00224648158,007778076
00513413721,002787581
00475444040,008687057
00175966879,001961883
00885386375,005416167
00819332930,007753038
00180242111,009013766
00003824727,005542017
00378066208,009487109
00965206577,002360334
00266470847,008740116
00223437472,000194534
00517805468,007976838
00943846187,008791031
00716241569,002085377
00403942322,003196837
00683584258,008168263
00020811925,007160474
00286081797,004638018
00683616284,002311341
00364692609,009400321
00304159931,008850582
00990057174,007094557
00643547981,002967954
00143661127,006356221
00582565203,007473990
00597292248,007253370
00906862697,006905769
00613990086,002509511
00372109380,003896433
00097831417,002193103
00177902149,004296100
00454756714,007386044
00581259278,003108915
00220819460,001966689
00812635713,001569875
00575295268,000420813
00399768243,000518338
00399768243,000534245
00520769449,000260542
00825385746,001788677
00681774508,001945104
00882433473,004766008
00879789001,002376622
00467630965,001979559
00888142733,007588224
00820567943,001637306
00820567943,009259959
00363690214,000837542
00592427896,003183609
00592427896,006325330
00609542416,002238031
00666962577,008594603
00697518946,009455601
00437323165,004340143
00364950750,006918112
00364950750,008002542
00860661479,004727963
00291071781,003881756
00302020908,008360315
00994893606,002531094
00123967292,006709116
00123967292,000805162
00946286563,001396176
00350036794,002448717
00710878715,008258976
00348311673,003598068
00580613282,003616600
00198226299,002134268
00502289981,000485821
00158630264,006903071
00638314529,006006904
00825673586,000509670
00748465613,009031198
00575576163,008684759
00311102705,003583158
00542398747,007493311
00133416657,003375580
00050323629,006387522
00200119657,000731985
00426259799,006338561
00668474652,002383034
00897539351,009815827
00592106311,008539935
00840293922,004299188
00204653558,007325085
00411041440,009795261
00417653463,007624563
00520332624,002768950
00589694267,008829534
00868444594,008447906
00599162226,008691735
00644121590,004516667
00919372531,008564822
00062246624,002090370
00831986002,005264456
00046563307,004730769
00216389681,003702237
00917699144,006522724
00269422118,001143752
00732050192,007151071
00930569338,005389138
00147252898,005489096
00687434219,008070859
00815940909,007912100
00833137381,005248307
00781671755,006727723
00066208379,008883649
00922524323,005979529
00761363976,000234946
00005247969,003845895
00814118638,002253292
00424147132,001962502
00424147132,007579537
00172931901,001321566
00000515614,004116535
00000515614,002025557
00791774666,007816961
00122050344,003466153
00800670291,007912629
00800670291,002164290
00813084200,008495245
00278519163,002047702
00935276332,000776002
00754642042,001471928
00653654417,007978550
00456915342,000861189
00572842616,008841786
00832584776,000726292
00832584776,009107595
00560850365,002544240
00980299269,009998126
00404424603,003286265
00231203558,004162620
00616499935,004808510
00616499935,000510566
00584044220,003871566
00584044220,007070510
00530038653,007889173
00208563666,002948302
00099007306,005934609
00099007306,006404422
00471869720,001319103
00491509476,005194929
00665466811,003590010
00158705169,007850550
00478045192,005833645
00934431057,009678051
00934431057,008122799
00513449910,006489082
00513449910,002011810
00624523531,003652408
00876676847,005574069
00137687842,009064715
00739405906,004292820
00739405906,009334374
00933378746,009427685
00801484305,004092730
00948779293,007043423
00793773324,003580179
00870078349,000146663
00515769939,003536890
00515769939,001719266
00066680765,009527299
00066680765,006239177
00035556238,009363629
00730656062,000716577
00858400023,005758714
00858400023,001464196
00680226689,003179721
00900633717,007011588
00392386053,004525993
00243083561,002087925
00305788991,003199402
00176244618,005631221
00286130978,008710504
00230419962,002212383
00718321081,000215792
00759194531,000982198
00561696004,006560708
00161012670,000005023
00736361865,006866315
00410923621,000126911
00750088576,009385042
00864995613,003227092
00476086173,006876503
00470949115,002282465
00794363158,004135592
00706991300,003366966
00706991300,007774958
00090646599,008976351
00293156018,002439267
00358529954,002632884
00240397313,001019488
00240397313,006814854
00449395467,003916275
00585613491,001896603
00556065643,007740930
00816936831,002907249
00269527366,005869339
00611225983,009557484
00611225983,000018700
00664677909,005520135
00753220056,003627211
00400249433,007566395
00392547085,009296515
00784143867,005519374
00805389533,001724346
00100635947,009852921
00968956407,003641718
00676894409,006351729
00676894409,000541998
00866547485,007930620
00866547485,007689261
00022015922,008574033
00968796500,001072615
00838134274,004140650
00253602785,005238921
00187018404,006368318
00711349793,000489853
00992020845,008192887
00073882425,003963722
00266942666,004469977
00738069510,007934157
00738069510,005047764
00964472562,001683866
00128532722,008847571
00621567273,006503253
00926898941,000632097
00565143227,000864995
00259187940,008639073
00427956373,002303693
00427956373,003523356
00467995399,008555118
00858175346,002533902
00553552435,009423715
00894646522,004829316
00664808760,006690219
00328761082,007385235
00006992702,003981863
00675284272,000999537
00210895797,002188306
00414405590,005382441
00557236232,001304655
00870071434,005217462
00143599947,009820232
00143599947,004678865
00356168105,000756747
00224033210,000069908
00206313147,009601060
00775311367,005741431
00775311367,007678781
00621165061,001059193
00466408372,004082672
00894489644,009823804
00583971092,001103147
00583971092,007319286
00122819348,004234867
00438800517,000333386
00329543359,000869005
00387331232,006161738
00891166406,006185258
00016673890,006195376
00016673890,009289298
00132130525,005075588
00415058243,001221270
00536814652,006992651
00306815601,000849297
00779397946,007155054
00126765450,008724616
00386333536,002007086
00343131779,004399524
00022924953,003006338
00428173112,002511577
00428173112,009591324
00669672981,006923062
00824414985,007979472
00432355686,002152200
00909514353,004973977
00129672469,009002246
00129672469,001139012
00740796436,000093768
00364229863,007198532
00695766271,000832734
00253837686,000029108
00345916064,007921832
00807979056,004292623
00354328171,002420314
00134857975,000546784
00129170546,004399770
00129170546,004214990
00328352892,004102255
00616141386,009509450
00336979972,008219038
00255200052,005456999
00231241502,003631630
00174003426,009226455
00754682780,004508077
00094688295,000196619
00094688295,003398412
00563459659,005754093
00612488017,005960861
00469377382,005738962
00764116852,000590595
00108753350,003117299
00537205920,000843733
00342800369,005575561
00210304664,007130115
00257265673,008232814
00539785466,007563101
00229715206,000043968
00482653533,004983772
00018421773,003871144
00445321188,000479335
00445321188,002702551
00462454311,005206275
00608532869,000408976
00277980228,001568510
00419042208,004509298
00006670931,002142276
00401017419,009321001
00010044303,002596713
00860091336,003397200
00243842764,008369968
00493985284,005097564
00318276004,005573393
00699493909,005348826
00984710673,004549129
00314305240,005084945
00160746232,007754654
00791237559,009087535
00046088197,003259829
00764456758,004902652
00285772158,005614983
00559344153,001534740
00236242826,001238737
00869620194,001349102
00473155389,004299619
00473155389,008980274
00273266512,001758847
00074377945,007440639
00074377945,008891296
00654493084,003953452
00530685795,006089809
00973753004,009050714
00576240140,002991932
00652506629,003670706
00492815072,002717210
00492815072,000063178
00932850431,000125866
00253719144,006980126
00253719144,006401752
00713414723,004802623
00204098305,008366859
00204098305,000258624
00990719819,001707823
00324960611,000409777
00328062006,005984705
00080603680,000490785
00003758203,008137786
00021668000,003034314
00066553726,003293055
00963937087,007816247
00899810966,006555078
00899810966,003525767
00824582661,003392517
00194000006,007237655
00429335031,003142821
00377944940,006254859
00780091621,009560499
00998693812,002461001
00107335189,005044997
00107335189,008973887
00222597181,003957908
00513740469,007366075
00513740469,003389251
00096832941,007360889
00879805102,000477242
00758058072,008436667
00823982338,008867767
00889828866,009258947
00758470597,002433694
00006011474,004022391
00623029703,002066650
00464152819,006336210
00885485161,006224758
00885485161,009140660
00386406164,001735446
00260069176,007353403
00260069176,003170459
00739312222,008128079
00705975234,001816143
00293687579,009824265
00831044095,008368288
00726211308,003837930
00726211308,000952043
00064552747,000382649
00693899365,007302921
00133442960,005147738
00190414080,005371850
00849784275,002545685
00989045375,003844442
00852002726,006827464
00195725749,009099859
00177840435,006515843
00931567707,004418527
00652023438,000832845
00800333890,000635462
00435703388,003474677
00823135243,006403418
00726049501,008739536
00365519505,005024154
00340589906,006370309
00287232944,000389535
00287232944,000305196
00310204688,000010898
00310204688,006203785
00460762225,002233882
00139640388,007814934
00085619350,007195576
00092060261,002241053
00511344667,003450069
00233589652,007307635
00950905204,003866301
00552277377,009054656
00691561874,003039311
00849031617,008855801
00400836121,005123448
00400836121,005516799
00151685763,007585065
00725749069,007154029
00255996142,002539939
00380955073,005652101
00517024441,004435796
00718245481,000770574
00470953041,002558974
00250233407,000907867
00390355676,003336663
00948847180,006158089
00561846447,009287443
00209944865,006392758
00473900089,004456230
00556775328,000919900
00104943923,001511545
00651929302,009290202
00726747588,008312931
00148171481,005368982
00133540312,002696214
00616220171,002899131
00554755753,008910165
00022309650,008058355
00022309650,005249671
00750338668,008260061
00142340304,004806109
00192319543,000997931
00192319543,000553239
00687017894,007716426
00194083385,006548225
00966632967,008382829
00945188655,008255370
00023584109,007662535
00023584109,009244812
00317911049,005648758
00554459182,001331980
00884880813,008323106
00826506536,003156026
00759788641,009742839
00597198451,006509088
00597198451,001805522
00010467698,004966529
00869127466,006849784
00280257892,009860431
00783994343,000102518
00742577346,009290207
00742577346,006677316
00221935788,002818013
00080957819,000711564
00287173652,005089960
00287173652,002210740
00388858514,003629303
00484541861,000483058
00008353758,005085240
00193578622,002598443
00968692135,008805345
00256306984,008462876
00738092695,001018547
00025577460,006183577
00150096666,005255374
00357371748,006098814
00351968647,009060964
00351968647,005575139
00751315696,000056456
00313146722,005541404
00248591084,004120185
00810104086,007934136
00021384763,008959726
00021384763,007639601
00552324874,007764843
00261735166,000789014
00172328016,008830718
00859217025,003341195
00847489596,001086398
00027527533,004147003
00027527533,006254932
00444907937,003301383
00673774565,003727490
00484821145,009271989
00832587779,003862136
00264937604,009048585
00558281234,004641644
00498925027,005965825
00251651768,000693346
00038191472,009982867
00606917926,008519536
00798501977,000804328
00058348048,000954156
00061953095,004556124
00165414040,000395174
00862383399,004491440
00065267550,002015182
00065267550,007998476
00244310625,005837773
00244310625,006030252
00587640125,009194868
00532060009,005896078
00690606056,008636479
00414877045,002153099
00761995557,009250803
00347106585,004695295
00347106585,000421242
00977025147,009004957
00494055943,008697811
00130480782,003592279
00130480782,004624480
00430148579,000382721
00688457445,001453144
00688457445,004268588
00009418528,006445024
00098144538,001389374
00998607549,009622916
00269784928,003334578
00215191420,008878382
00294759478,001091730
00442140066,006134516
00039807071,001146208
00561320455,000854503
00097132938,003362684
00622238821,000115855
00622238821,004809425
00852817685,009541377
00876597399,004966284
00412532749,003872785
00910617913,004426550
00537764694,008929388
00000227892,003723548
00000227892,009232374
00594587700,001103447
00400093616,000582015
00400093616,005290986
00027742892,005098566
00946641947,001462104
00615783772,008514111
00615783772,008825796
00298376208,006069946
00755759122,002966208
00755759122,004400302
00318635689,001159985
00399704564,007126130
00719135301,007752434
00277586914,005108355
00769968041,001851311
00493894073,007985491
00801986718,004172632
00493220226,004739574
00966445889,002300416
00017194987,003536591
00614575441,007801382
00509454226,001434286
00418058891,006959650
00449490613,001230037
00529372561,003714897
00591860795,006079215
00238315282,004050053
00572708496,008599599
00697995613,006482902
00280106513,009622721
00646910128,007649571
00646910128,002218936
00559789966,008151132
00915361840,006153337
00846471968,005976378
00811819350,002869159
00821879704,005276102
00667939489,004911592
00598603618,000194316
00875257643,002025842
00213262813,005718137
00702439735,009728131
00675964203,007108012
00144829098,000660457
00451900534,002814139
00664385336,003198831
00397428469,004281259
00774680974,008534949
00561002663,006313222
00519548299,006044098
00991329668,003465058
00991329668,000097151
00997604917,005147293
00016671228,001092074
00016671228,006366001
00814229966,007506376
00855109348,003525104
00997690683,007505818
00997690683,009690816
00410147739,007637086
00437671369,000823731
00034788115,008289556
00534811434,008415240
00680268762,001653908
00680268762,008201120
00389698642,000806803
00712493289,001829340
00853847754,008785509
00797517384,008136911
00657850195,003498616
00980060970,005549851
00538086204,003650610
00332026640,005668955
00868478335,004192414
00868478335,006586896
00144647772,003373578
00456590569,002384436
00890526751,008337353
00400123633,003678263
00167329773,009460104
00789222409,004006428
00789222409,008886050
00199851638,004453873
00199851638,008584738
00394076230,006761740
00986975036,006988085
00986975036,003167715
00146801521,000011745
00608703928,005084214
00895326676,008172658
00874434189,007677596
00140113823,009925773
00972973293,002934354
00972973293,000690374
00335337460,002102240
00180285528,003549911
00372040318,006339877
00319200798,006739381
00217339790,000153704
00622113346,004553026
00328858170,007178457
00424758499,009555512
00269235655,005890410
00548348771,005135945
00132135077,000319286
00792750679,004204786
00244408714,003359998
00174664965,002700586
00875208471,005290726
00354154769,000579790
00354154769,003630002
00111179285,002040890
00111179285,002892636
00315296510,002031906
00312520032,002571911
00119781692,001616863
00346410804,000914117
00777679284,002385994
00302027056,005640446
00302027056,009909918
00424782545,005041601
00139235080,000298871
00581298469,004472515
00575614015,002064731
00945573759,002479751
00945573759,003505726
00617131364,004421888
00628619823,007289542
00628619823,008562219
00632110519,004540066
00286182956,004531172
00444393561,008462013
00203941787,003362059
00759648031,003346374
00463834765,004244989
00463834765,003262722
00487972646,007091372
00487972646,003540498
00682634406,006074222
00701918907,000011292
00762977763,007259137
00411890304,001413461
00171079123,001095386
00637206731,008660235
00715601727,009174056
00787036261,007178396
00164640209,009858691
00269206251,007337508
00255593450,000215408
00739473729,000174947
00340706947,008982693
00340706947,009312256
00698918791,009928933
00698918791,006689283
00541847936,005647914
00541847936,009652377
00107454530,006056535
00297953272,008182387
00058047397,002784559
00096650920,000765679
00102325871,003037288
00501842299,001414247
00882743027,003503901
00086297669,006423778
00938679741,005982742
00856132313,003949350
00756640254,008688276
00147887684,000802602
00398593572,000769316
00643546382,008421395
00550530603,004347956
00272935488,003079882
00446489527,003438358
00017590448,006278879
00001291360,004414534
00409936966,004350392
00309639761,007585649
00266004976,002839267
00341073361,005612932
00657436375,005457095
00657436375,006936104
00792041511,002957162
00292841823,009503112
00103062799,002262738
00915246155,001701991
00961219835,008261704
00895845534,003500223
00049675103,009125928
00311021257,009147763
00985122120,006444040
00797902379,002618974
00058822553,006299627
00972467309,004116403
00812545499,003148152
00041048479,008590613
00860697068,008945606
00133195014,004156514
00544162468,008912837
00544162468,007936889
00771521466,004349309
00212966804,007898881
00212966804,008135604
00069646437,004282772
00093476341,000266083
00125402281,006774301
00196882157,004779927
00234040025,001294542
00221338332,004137463
00994366471,001396806
00994366471,007477841
00487316123,008295738
00635313317,007222148
00976573466,006869094
00964408183,007977947
00739937126,009256524
00739937126,007296325
00221675377,004713395
00696756442,006171867
00762489287,008835394
00656721605,000791428
00398206636,009300126
00981952384,007809983
00018386501,006822166
00261902324,006628646
00093066742,004561246
00640897596,004376830
00890680289,003854255
00890680289,003200862
00077106115,004080862
00889097643,008727789
00255537354,000254750
00792830868,006553863
00834659198,002028494
00546567739,001461963
00640807691,008358177
00889000163,000295539
00062164156,005344367
00393456328,006633760
00708006146,006925727
00708006146,002473019
00937058410,003997104
00937058410,009504764
00268526625,009604538
00003965156,001896468
00003965156,007337328
00529935993,008110114
00529935993,003698700
00785189813,006928102
00758751875,001581203
00389316940,004041447
00496394782,009584639
00627057273,000905247
00922081176,001411557
00808732751,003366776
00650895822,005182272
00568208070,002441277
00887188969,003096974
00644143453,001861291
00513861430,009935090
00331943440,007673389
00322699877,007128281
00950901441,008954082
00202354801,004287901
00870182784,001371337
00383049088,001308364
00383049088,005294981
00346153592,003014990
00939571948,004660091
00717704395,007074561
00849963860,000265013
00202096814,000658687
00713181699,004875791
00713181699,004899080
00366989768,004588022
00585377983,000970047
00468388272,000751653
00182647989,007112392
00301514140,009588815
00854073681,003149066
00854073681,002665038
00453003604,001197875
00059854966,004864499
00583069265,000053724
00244415189,006742783
00244415189,009351313
00727769757,009422459
00144401576,003780376
00538162589,001813286
00259057977,006675452
00130213040,006879218
00570854400,006929044
00092580229,007136687
00253456862,004997601
00922446606,005414599
00922446606,001734551
00397321777,008251943
00609340773,008712316
00525673083,008795039
00525673083,007593260
00436575927,000959015
00688846014,002349154
00018499669,003363101
00106708210,008843238
00677588287,008246124
00738537023,005828522
00509196091,001214478
00967514571,005274656
00650517767,006064658
00109988188,007761733
00003572095,003637161
00318266797,002710592
00318266797,000024036
00209928842,008235800
00734109987,000203124
00966538316,007952949
00819009094,000913245
00237411031,004467926
00484826908,005299635
00275144003,006618298
00658658073,004595316
00831059306,004905616
00831059306,000366797
00626312666,006939400
00597766767,006979843
00143004286,000273642
00789712643,002403766
00317157588,007321797
00077482713,006740379
00888831785,007957707
00097268158,009650494
00167168569,004181608
00879334670,009172972
00077949511,007124471
00470743341,000202655
00470743341,007652408
00289050399,004168611
00754073354,000823822
00754073354,008032956
00897617478,002510298
00120112784,002172330
00558557018,004510475
00424898369,009605671
00467898928,001690817
00598194992,003683949
00424385254,008434440
00427961032,008705417
00427961032,009109646
00718444467,002002157
00718444467,003110459
00032318170,000094490
00632109312,004334777
00591293601,005938990
00591293601,008693454
00344749504,009649262
00503355899,001681089
00940503577,009794910
00431171993,009962628
00599838574,007532423
00976320479,007245919
00206508458,009058831
00696707170,007157768
00405697605,001509685
00248461557,004990487
00228156310,002920384
00852153476,006581442
00625735594,005043352
00547456919,004645811
00547456919,004181122
00228597536,003805871
00282208877,008018369
00160148133,008235242
00905257664,001334218
00088152652,000731382
00679471226,003303531
00679471226,001715088
00290298965,007326799
00676748823,006584240
00676748823,007077676
00292181690,006730818
00031989973,007326556
00062496776,007411437
00870668819,001225160
00870668819,005071683
00868287581,008381730
00248658334,003768564
00103131717,007261683
00654901631,006119171
00163956771,002258049
00165469596,003858593
00906992025,005045524
00906992025,002240413
00186680124,002869279
00499473039,004816036
00076577689,005591391
00076577689,006557432
00951209306,004143539
00208766040,005424517
00933621736,002929381
00219452771,004022138
00865481074,006583702
00795758269,004581588
00900687249,003317172
00900687249,009210682
00501790647,000749113
00166449023,001026397
00632279791,006766276
00632279791,002557992
00828154891,002937071
00963235422,003938358
00315132007,009647294
00205801869,001426265
00728082566,005510717
00343166665,002730488
00291786839,001332132
00149738565,005959178
00149738565,009109707
00346693545,007337344
00588979770,001778136
00588979770,006148755
00338919818,008666904
00486271046,006219508
00671330925,008594954
00024530134,006464264
00164688792,001699400
00329754568,001522345
00117956466,009249244
00664946648,000166810
00973998349,003851073
00957615507,000418110
00577010626,009906731
00322519584,007209526
00845516013,005741425
00845516013,002623719
00929249490,002816410
00219789799,007644251
00136536088,005895521
00120412554,002089235
00120412554,005170882
00086306563,006755315
00297952917,009203105
00864543791,007180849
00353116035,002692247
00517109643,001929332
00904783476,001957049
00337692983,008649159
00806082270,006896255
00316140265,000878606
00809003275,004262173
00064654884,000924102
00153826878,006683682
00874973572,009907408
00874973572,001905320
00805403336,009074940
00586562151,001170025
00697190461,004667332
00391274532,009190467
00677716525,001610725
00510605562,005868246
00931924206,002628030
00931924206,008857674
00975441402,009903623
00975441402,003241358
00039049750,007259835
00039049750,006530633
00811350525,008921820
00341048683,005313921
00583335005,007261467
00293496614,004021397
00398120390,005756267
00552125336,005704636
00849812498,004749545
00969446480,002854440
00625646017,002793954
00038083580,007838900
00472609862,008700965
00164914305,000017081
00883991031,001952026
00726442421,002407632
00755497980,007010565
00709029076,006260909
00708566740,002435884
00708566740,000241817
00449196133,002469360
00566066597,000947459
00659792173,002685259
00796657069,000686236
00862612621,007181276
00330746330,005904532
00184815729,002191119
00184815729,006356835
00348946335,007832391
00348946335,002217794
00484109798,008948005
00206823306,001614102
00901295919,008711341
00901295919,003844634
00905716385,001325054
00542170150,008345071
00765419215,007427845
00892301057,006658962
00922205536,000917195
00922205536,000225715
00482590613,009740857
00938837530,006846370
00423019614,006293178
00021332523,002708137
00366225075,002197535
00276125110,007523100
00064347804,004242716
00470981512,008281858
00327610630,000270719
00868887530,000199036
00634086402,001261989
00383107174,002858678
00593092377,008258194
00540613501,000116073
00834742784,000977762
00316326335,008088365
00304475002,006271361
00882246897,007425690
00936739187,002731012
00841600918,005739087
00578786262,003593832
00843038087,004528856
00913340218,009913070
00772326084,003769717
00380070638,003591640
00223993022,001925070
00594331581,008491282
00347270430,000127707
00347270430,006579652
00374946654,006464299
00664835883,007211820
00693394976,007207457
00426991645,000897510
00100870591,006384169
00558834271,000400133
00004574209,003037156
00506849450,002691434
00653177104,009779106
00767888163,009912830
00470126237,007922377
00513877475,003020114
00461989976,004995846
00461989976,003132978
00657555276,004932501
00655783884,008588690
00542820250,003265444
00542820250,004328487
00591401476,004391808
00224167851,002175022
00075281802,002309114
00349329544,008025339
00392150360,009772331
00408096179,008134930
00308082245,001602653
00308082245,008834345
00374488955,001258845
00161982792,008087490
00137563998,008268223
00852792236,007020453
00852792236,003541197
00475847240,007367655
00808254691,008694583
00801976536,000296948
00657527054,002794176
00839307676,004931910
00498183311,009373715
00631339570,002306363
00422839775,009445593
00422839775,009600199
00623872405,005212484
00447373478,009996652
00238795584,007897848
00336782640,006183584
00027491623,005361066
00900174039,009475459
00128898421,007537603
00234106515,005828657
00823564645,003819924
00680274395,002920930
00870507771,002468689
00870507771,005737840
00183912927,003293683
00768538104,005786068
00738093073,002974754
00630783121,005104088
00992029503,006065431
00006151938,005953053
00474225339,000243178
00474225339,005546007
00390527096,004745589
00327923355,009922154
00878107323,006255939
00746761549,000385744
00151838744,007667263
00206390127,005293084
00727152320,000154686
00778646695,000589774
00481599258,005299253
00541974927,001273183
00623510444,009635944
00783112452,000054820
00260214409,002288312
00260214409,003660111
00550835964,001732938
00420467516,009432402
00420467516,004371319
00743662960,002118075
00520325978,006202247
00591175554,002879601
00591175554,004837983
00953198034,007317288
00864624662,004425190
00504169879,001719451
00478235653,000442430
00836149934,000027963
00440867911,005666299
00158243934,009020575
00986650059,002115092
00800324496,007225666
00525508849,009348736
00182658969,003337128
00528865344,005824230
00414641870,001384143
00940845451,000811651
00478994036,009535206
00526814319,005313394
00794969728,006528736
00169458270,005003315
00698116170,002433144
00698116170,000483000
00033414443,009592863
00511799005,003820765
00588117632,001599844
00534445191,001685787
00715235079,005835730
00299737335,001355013
00887483056,000040538
00220189856,005013919
00419851252,004103711
00648354803,003928130
00861699864,009477092
00861699864,004779472
00588117676,003095856
00205036574,002663443
00064697270,002316375
00609977582,004239773
00650498552,001273524
00615538345,009892910
00934143973,006518883
00437655337,002238944
00109096689,008358912
00410955622,006317576
00111068605,007807999
00110129444,001869508
00386732995,002244879
00224931718,007233358
00098739314,007688980
00502874012,005282939
00300575581,002104485
00845583106,003434843
00360090019,002661390
00968054495,005159088
00522188250,009351241
00004391381,000588374
00907864161,003628878
00798396867,009581494
00821013307,000770244
00392965550,004614442
00894050385,002788212
00308525370,000895665
00022830586,003348461
00341292038,001822003
00174640258,008293848
00021340404,004172094
00021340404,009933460
00341944656,006929085
00019509862,006574547
00538265083,006332822
00322329628,004773524
00322329628,005996474
00262382377,008753009
00423358822,009668993
00049934898,000832414
00879560890,002766860
00134079443,009677022
00134079443,002709586
00646674470,000646038
00461282510,004336202
00377280874,009305971
00696817695,004430089
00882790642,007779274
00279871842,008687495
00745224040,009310272
00006768806,006170640
00424681921,006031383
00607383789,008180320
00962821823,002312329
00962821823,001812133
00675003741,001611515
00675003741,000219025
00613360646,003497156
00670489204,007372851
00661153486,005822340
00151469900,007316044
00207370314,003894653
00873348909,002011670
00389675035,000496548
00771452394,006594786
00771452394,002828093
00666895843,009201403
00601062948,008966803
00911043955,004510032
00387316706,009176328
00361445937,004219080
00747053227,005733209
00222760171,004968392
00255622444,008426482
00942419858,004453691
00759621396,000246591
00580262753,003416309
00719042134,005165661
00226720005,006619779
00543520778,007081867
00913550064,003993996
00913550064,008796980
00203760477,003096201
00842373052,000144701
00970243592,000188033
00868943521,000792351
00554362659,004642569
00663186602,006763173
00723060187,000156950
00611629884,005879041
00122233832,001649826
00058819247,003201169
00058819247,009958942
00741552253,009000457
00366587622,000145514
00366587622,003550204
00335785751,002377390
00264164737,002625278
00264164737,006772439
00341441519,007084026
00387566602,006386421
00553623262,006802278
00708664987,004743181
00552400098,001662264
00694515823,004399905
00887922813,003113126
00788749535,004408442
00827300456,004194611
00986260764,000832595
00032393436,007372361
00617665795,007985720
00905566342,003067501
00905566342,007231236
00194036010,001296085
00311321728,005225397
00154685546,001746261
00154685546,004846875
00840372302,007396337
00255791062,006875371
00316582742,003183029
00316582742,008918404
00335436961,001683184
00093125153,009410698
00793356977,003224392
00501670428,005988354
00221963084,000713612
00157630877,008915726
00478431890,009487837
00214976123,001762819
00302761202,003414377
00681289377,004104576
00431338785,001181694
00125539711,001647894
00297762210,007382946
00867860007,000539154
00867860007,009342530
00877747940,008614461
00475543261,004272748
00654108497,001807416
00600717649,005410026
00600717649,009257424
00379486814,006632632
00485809796,009276722
00453482182,007585994
00162938794,003499942
00222368159,005643858
00946160553,005517080
00807818186,001433170
00287360043,006643729
00294230391,004042532
00146149796,005601530
00766977947,007721519
00435246412,004977706
00181584288,005164245
00401627813,001634452
00710861800,003034539
00047986932,004381599
00547585784,008540836
00258113679,004032528
00369217868,003916575
00845518190,007397807
00121198772,003603323
00685853360,000645437
00988332648,007388032
00668331969,006656209
00953505509,004534171
00083807097,007249790
00228275097,009529073
00804848873,007458431
00898746685,009471941
00639336047,003468499
00592073014,002126088
00630745007,000185987
00990373472,006384095
00990373472,005936334
00327747330,000919714
00861406041,004701099
00064873099,005555225
00321761003,003204225
00421851919,009388689
00228571626,003630393
00400904815,001418299
00039002620,005921002
00039002620,001888150
00060581619,004580964
00107782078,000514003
00816224287,008415434
00696307870,007654986
00798703901,001997138
00363833459,005261574
00641512291,003412918
00475540337,008261598
00475540337,006966146
00148357441,000453774
00158344858,000345756
00326345082,006053579
00221157601,005934883
00397005523,005670441
00141939121,008979841
00894424403,002761726
00894424403,008696556
00431269058,009582542
00431269058,009347078
00284236684,000448342
00284236684,002594642
00539560812,007776037
00347072188,000895221
00271853555,009713178
00059983778,008649883
00045543406,008122588
00445527753,003394047
00250315046,009240598
00149603474,007525177
00549766114,003799829
00649245489,004346769
00612778252,009965742
00428335779,006277202
00539949924,000176391
00549079997,000656851
00655500320,005131812
00492358089,005548340
00533681626,002587798
00761189669,000112052
00844550435,000466891
00285934401,005152364
00982219949,003149980
00433314015,004397151
00586680117,005320015
00636875059,000283889
00589829238,007973793
00640832873,009250784
00062131621,006916509
00505337384,008033383
00248922247,004895065
00248922247,009391342
00540391892,006568479
00989553412,004476666
00559333410,008463779
00398989070,007432269
00794985911,008216238
00645375686,007748027
00222466533,006433013
00364282577,006969900
00151988380,007197686
00042175429,004161936
00360890944,009053852
00950139127,007528542
00128431634,003024179
00438316657,009310134
00639429710,008864153
00874109967,004842236
00458355766,002644931
00591121859,000687958
00852763160,006544905
00500800356,007913169
00095172994,005919355
00166879207,000456770
00382881101,004352036
00414386449,002771316
00031712723,004161027
00123810275,000869081
00801272237,006873442
00217851779,000600179
00217851779,009334301
00915358329,008074692
00873538858,009270823
00535640405,009711646
00349499672,007981191
00288415183,009518623
00288415183,007674729
00899605328,002409689
00829511980,009796933
00829511980,006098288
00475898471,007233044
00690197242,004916919
00762586462,003485138
00762586462,008945582
00235701338,004354830
00522962205,009127379
00982745535,000640608
00023438526,000404007
00082530326,002132205
00777228160,009211707
00207961213,008928865
00827931091,003184821
00302756432,003824709
00545809556,007798621
00545809556,003422795
00120721994,005164481
00417649705,004580924
00144767141,008874994
00412390330,003090795
00711813282,002717412
00573322911,001119878
00480837016,009502778
00770760674,000212539
00848907072,006034362
00361805944,008068383
00072350077,005501162
00739976217,003638481
00400489214,007664962
00926450670,007144346
00549361509,000500575
00388723364,008074826
00018369611,008374027
00018369611,001069301
00785669266,008949146
00785669266,001726902
00073210933,007975700
00842649522,001762422
00842649522,003191617
00625059250,006408248
00472335499,006266374
00011044852,004734220
00913349802,004458486
00119351948,007177244
00351256087,008373388
00351256087,006432098
00170251339,008463639
00963832033,007540919
00740701027,007753880
00325163665,007303548
00875716364,003785409
00333130728,009711579
00886659195,004858485
00886659195,003896687
00277617964,002688837
00277617964,005128314
00939879321,003588983
00873936729,002430621
00246683819,003871311
00246683819,006423359
00932462637,008880110
00768278202,008285500
00888776174,003647653
00888776174,000939305
00939603550,008959417
00235916328,002017508
00198708580,006592673
00796437734,002967605
00835703490,001873807
00369992774,001264246
00731204631,004638312
00865445085,001839626
00865445085,008268522
00831971890,002130528
00990315602,003244259
00296220352,006480352
00303393727,007533419
00010263781,009949930
00101619189,009256048
00965099395,004950960
00242540623,004774392
00787629713,005982903
00961385434,000962465
00383762914,004703168
00503592786,005207395
00503592786,007302646
00128029276,005232553
00985283166,004411830
00985283166,005160235
00122956775,000580585
00122956775,009688703
00595075584,009199783
00756033618,002279245
00182157903,006989906
00541006310,009849543
00498458690,008929921
00498458690,004674386
00226467992,000617857
00240210368,002265510
00240210368,008661225
00674673614,008055851
00674673614,001624671
00902736134,000554634
00290524914,001886886
00191340743,002532274
00060197156,009815062
00060197156,008477508
00137226114,000089679
00823075712,009913522
00944325869,002102857
00547578038,008299707
00547578038,001269563
00205724385,002704943
00661223081,009123815
00125477712,006125197
00712552985,000116495
00609548601,007172605
00441482275,000906808
00333728284,002418846
00954334065,001607825
00808793277,005832213
00655096723,008032332
00036241735,003536012
00491125595,008179470
00491125595,008092366
00905108492,008474185
00773504327,002703493
00899777801,005035713
00899777801,003845151
00378073979,004109493
00679578083,008638014
00756842189,008384273
00395105021,000289110
00302559517,006193323
00732217668,009084509
00992888817,007580343
00989962381,007386427
00823567757,009552868
00916982467,002887813
00776297781,006453572
00460061850,002485802
00562625933,000487610
00865518104,004533419
00579885332,001466421
00739598822,005667418
00739598822,004363809
00967644896,003390698
00303932419,009403125
00166788315,000582074
00502294792,008164279
00439185137,006739144
00955133647,003193323
00259895200,009603597
00158618620,007902649
00799235745,007476355
00296036208,006391492
00376831840,002066100
00376831840,005121264
00152607066,008252445
00650044718,007045916
00650044718,007631920
00272771401,000568305
00543212085,009733491
00938848033,003996545
00854207552,003666868
00384949902,002601360
00068136373,001438890
00139163951,002656220
00604592398,009930962
00266440003,002809961
00589140582,003376301
00589140582,004352687
00256253264,009037839
00217900206,009260167
00217900206,008472238
00410210527,007653195
00369640798,001321887
00619287280,002351078
00653731194,009121386
00653731194,007839445
00700671632,008690311
00984423928,006134343
00745439855,005193517
00962429854,009594948
00493529628,008221966
00682480559,003299252
00845483057,007496701
00845483057,005803976
00629672247,007385759
00782322228,008223108
00256985417,001097032
00897824958,007980777
00423386800,009357229
00349669634,003328609
00917595268,007383804
00917595268,006373993
00525996210,003268328
00859504587,001110326
00753665748,005360355
00876024170,002221034
00681876201,001847924
00760786345,003082739
00261084846,008921230
00261084846,006563928
00192930905,009568911
00536012406,007328315
00536012406,002436227
00874374554,005715460
00428002461,007214217
00890850074,003184731
00398161911,008558822
00209992220,002904016
00209992220,003463878
00249950535,005011787
00814972814,000474880
00815229684,002911981
00815229684,000843191
00861022107,002981955
00697430849,007488166
00234033184,005615182
00694970831,007417534
00694970831,005541721
00152099700,008023567
00152099700,008689999
00294446805,001388410
00072052745,005243102
00238012096,002211278
00746037414,000975014
00294541244,002391386
00801648017,004113870
00632661493,008852164
00632661493,001186251
00244382210,006306778
00915867120,004520852
00300920045,005865956
00313555737,004887947
00550291077,001884842
00413563563,005254998
00454211324,009921305
00949328183,005718947
00485014438,009425961
00981647146,001483851
00554147510,007824692
00196390532,008701233
00135421456,007667041
00297050522,002657386
00871787170,007389859
00706587464,000066764
00706587464,005157201
00238284213,001635489
00135853713,009918683
00187358751,002371451
00554585480,005594956
00026691651,000539962
00220139053,002920674
00964669144,002107452
00379936861,001773721
00940609429,002107273
00975137591,005233424
00669449501,001049518
00614890214,007055467
00056895352,000289286
00768936548,003779671
00768936548,006350344
00689652579,005608973
00460985046,006226116
00460985046,004454221
00742823273,006282327
00774007193,006340843
00859881625,000143090
00306473131,003245843
00013531513,007196916
00074460669,003164556
00845945403,004392956
00451521170,004251697
00798636886,005005066
00421428401,007690144
00164879762,005000447
00519978681,009681433
00903552068,000673253
00289030286,007433259
00216675585,009691363
00200705625,003219682
00209837498,007048415
00356361791,008587442
00838652897,004325993
00522952367,005386485
00653304573,009130601
00296080725,006179618
00296080725,009508166
00616136380,001363647
00985899018,007090546
00271999477,009898330
00321531586,003092688
00451934747,008125480
00307279740,005519176
00119721032,002985582
00819962233,001413229
00599925568,004768829
00729534363,007571717
00729534363,002297926
00467427675,000782412
00336350279,009045347
00674929142,004413504
00084834275,003943962
00736052271,007548990
00747110294,003327799
00549465483,004415176
00500390318,008348768
00300358818,003211691
00658163841,003160426
00346681536,001954900
00346681536,004466942
00169517103,002170663
00851131863,000674666
00920872438,001148211
00181602273,004673394
00508594912,001489649
00508594912,004032916
00672981865,004416996
00704734715,005391228
00376805510,008311415
00063005884,007406116
00274366016,005437441
00435471866,008132526
00886340089,007236931
00897536405,004840778
00205741823,008634730
00946447715,004500202
00644183603,007623294
00644183603,007669332
00361778698,000453251
00535253299,001368152
00535253299,005225502
00131181740,005957692
00348320085,005059712
00206259423,000688940
00508722759,005530807
00218348287,004859290
00310011684,007229611
00754227033,000809266
00064387348,009414722
00064387348,001597924
00172258009,002309810
00774296501,009304943
00774056901,005426539
00774056901,005852946
00947943170,006496465
00947943170,000567260
00807902825,003551351
00814493446,002785193
00584629553,002715620
00304972269,009491216
00304972269,007073778
00476562105,005273161
00176891468,000497240
00100418693,000383217
00499188296,003986616
00499188296,002530738
00594540589,006961684
00729772037,002974070
00461220741,003582570
00236506684,006353596
00180751706,009911584
00066686955,000750798
00606971463,007028533
00474913857,008129444
00283517199,008139502
00294362665,000675573
00672478979,005922965
00091991942,004409055
00300482595,005498973
00177330445,002021407
00846331949,009138675
00846331949,002425515
00761560955,009694776
00746689789,004250241
00932360627,000098708
00462022663,001965156
00606731794,007471791
00661166669,000918598
00581954951,007776125
00395952019,005140171
00330593166,001001799
00330593166,006736071
00176912347,004641824
00537946351,005051904
00718661463,001676882
00730299561,001215531
00100642783,007905920
00015576325,004585754
00539381530,005155966
00539381530,003960830
00884602008,008525338
00316852609,007948770
00320307575,007541886
00203126409,002373903
00028889632,000039642
00495166126,009147533
00544312726,009201992
00544312726,004880405
00684200101,005657892
00211560422,005347712
00372735530,009388855
00370060742,006328602
00240861277,009260753
00822143910,005275215
00822143910,009511834
00191816890,000545170
00072328106,006603468
00504923358,000494835
00370654902,008825285
00353216209,006750852
00200564167,000883982
00388871505,007960032
00317165454,005392964
00266670785,003036669
00285080850,002703363
00633370040,009288008
00341562270,003003431
00495724077,004532280
00130251693,007329130
00916333304,005786617
00740829805,009800887
00026293093,001051299
00022951799,003410176
00463087064,006965514
00159304495,005089023
00159304495,001403274
00634908358,000358670
00702448662,003959973
00953374963,007304555
00945490142,000649848
00607621180,000166489
00381663941,006874945
00650017511,004368877
00466104875,009061619
00149327894,006049755
00301457659,009908280
00937728257,007204012
00023198109,003153724
00093789767,002294424
00954838921,008692576
00823263259,003659984
00668977029,002032558
00855905158,007871693
00051941631,003427120
00625918092,009932301
00625918092,002805458
00140485681,009693639
00140485681,008688153
00706101032,009065008
00945610241,001412080
00899985611,007827735
00773196205,001958355
00773196205,008200146
00448976906,007006986
00373242266,000649868
00175604642,007824022
00555000459,004773989
00311643757,005352214
00288029518,007908538
00679143942,000843238
00640565670,008486761
00640565670,007555341
00772525169,006319822
00529355276,003918642
00401260704,006642653
00387044814,003463057
00387044814,001563351
00085565634,002105093
00085565634,004810746
00225062067,007670754
00403498839,003822369
00087917506,005620685
00266406581,002857493
00285645793,003854465
00285645793,000871619
00373948160,007852496
00628867438,007403903
00951752641,004869747
00155420550,008633071
00574454172,004340637
00655693102,009111506
00017154378,009454671
00694977385,008559942
00955614715,001733605
00133676318,005020236
00255713851,006662935
00627095959,006655871
00360324557,005567756
00106927349,007493161
00106927349,000438579
00947604496,002649654
00809985800,003417699
00619652302,000453941
00494450431,000212016
00527897983,002478054
00499436638,009676407
00680329437,002465190
00497442744,008295022
00161894815,004471466
00658563075,003279023
00134441103,008758652
00747908627,006537545
00425908605,000276159
00177381634,000342936
00054330692,009888475
00313133529,001652568
00916813787,003698789
00028827348,009933898
00264453209,007268631
00264453209,008798763
00632605992,004408098
00432769833,003212624
00878453743,002248682
00941747101,003590129
00492052322,006020588
00332870924,005184987
00067586198,007621452
00058468817,000120449
00322922281,008451661
00361073351,003806975
00267317462,004854223
00404289396,000762146
00202839993,000608054
00220394688,003937797
00334563102,004687283
00334563102,000290084
00695444152,007389114
00877633339,006793564
00877633339,005415653
00287449185,003221331
00514794481,002034751
00514794481,004115426
00925272789,003634125
00498612967,003356763
00466391955,006181522
00626740112,005567107
00268309275,002150627
00028745428,003841093
00088986666,005915491
00544514532,007213204
00727925192,005268888
00727925192,003078894
00317700766,001982976
00755021714,005172691
00622305173,001325257
00489717495,005865354
00483835493,005642650
00793694655,002501778
00098142137,003548259
00098142137,002835254
00012359190,003158692
00719035079,009764674
00854929802,002375999
00219579155,000494806
00341798036,000331820
00179017918,003351156
00022883799,009135417
00516967947,002641964
00712498271,002133026
00004177965,003155217
00955601231,009426585
00610454287,002231915
00511081726,008971500
00511081726,000112980
00119668780,007279619
00393473607,001929473
00033785880,002412936
00423806981,009640429
00185895330,002272577
00185895330,006424171
00931947818,003592649
00900338709,005329486
00787642789,002691518
00012107392,003159657
00459225158,008711901
00964538102,008041533
00194033439,003605599
00806198964,002465158
00052202160,002665866
00209012212,003690395
00330963904,001909893
00330963904,001694779
00569166746,002445617
00976452147,002969591
00713645511,005469824
00048080216,006244782
00048080216,002851740
00965287045,008385651
00452407440,000589109
00328933643,004868246
00068828797,005738532
00790542497,007731911
00790403262,000583209
00052172860,009354642
00164718476,008224984
00042205983,008603640
00818401422,007165963
00155810669,005767376
00155810669,005846456
00959485145,003153592
00478626789,008579282
00643750830,005553995
00780843771,003520436
00552965160,000670800
00047056830,009814754
00848266161,006675005
00053560510,004978935
00814841932,000123427
00870564998,006985645
00653074782,000254229
00558974291,008896031
00743578411,006347065
00908089706,000198620
00065149922,007747954
00796502660,001739494
00850035043,000569901
00570858316,006865639
00111153033,008341246
00052402562,001264176
00280472456,004863670
00079707089,002698250
00079707089,007698455
00245237854,000470496
00847683010,005238674
00289758785,002938202
00289758785,006637070
00246832605,006935201
00986126419,008522940
00547219295,004080946
00778979723,009585136
00431374895,004534267
00340658224,003442616
00494806424,000579368
00585147136,003112822
00004790971,002415947
00855453466,005178303
00394092000,001623279
00356211684,003041683
00722284537,007933747
00514479666,003214264
00712128082,001182260
00891341858,001855442
00675000424,005129138
00213795647,006576971
00154388372,004740022
00154388372,007968663
00178540726,000381112
00752154003,004474881
00398219809,007145882
00474223144,002181962
00255388822,003861323
00827458008,003868007
00850440007,000555287
00661059344,001299430
00771456798,003112255
00771456798,005685439
00167855840,009514731
00397217618,001294343
00128937974,001609849
00398222167,009762367
00956251424,003001923
00956251424,008325728
00397940065,008357548
00177483440,005653498
00468082258,004504996
00022991191,009210915
00922804476,001655011
00344858441,008719189
00460350200,005154943
00460350200,003383977
00349438804,004758597
00948879817,008237343
00552325021,008957863
00020634740,000858357
00091741401,009759163
00482371627,008676695
00521798148,007383072
00424291137,002096589
00979506596,004320021
00555809585,001217813
00704925149,006306842
00793465336,004592392
00410765210,004082368
00429296328,003081356
00852539257,003283148
00455090739,008916110
00647068647,002126728
00068440302,003985904
00068440302,008410941
00721759279,006211071
00883121505,003231283
00909494289,008601313
00562649254,002950147
00537813338,008783133
00115442668,002070791
00115442668,000741511
00242174566,004756930
00356690044,002254318
00117493404,009784924
00117493404,003990906
00674791993,005560450
00607303063,009909655
00372131073,006521980
00372131073,003849621
00177067863,008126020
00182959647,007628784
00249203416,003543470
00249203416,000320462
00178440874,007945560
00948414360,007424283
00284176952,007387587
00424165859,008399008
00102539825,003111559
00074831250,003085436
00199727970,005632620
00778193615,000389094
00865620131,005735269
00950209041,001229142
00836879545,000335046
00316049967,008801971
00740147788,008774907
00072332523,001329790
00222823437,006039770
00872842144,003974559
00383469190,001526017
00383469190,009427001
00573856875,001686377
00023992683,001489804
00932169026,000631404
00616540276,007793028
00567957416,007394225
00856047685,006256441
00843166523,000270358
00217751898,004305482
00217751898,003106504
00586184636,004846332
00992843706,006970732
00047085814,003357241
00481904330,003727209
00564720779,003194399
00564720779,005672938
00103165729,006398830
00854622043,005386758
00752769320,006829577
00991156041,007873979
00310518608,008105589
00227660702,009396768
00473536510,003013806
00481421469,002877572
00400994738,009790766
00178590837,006446805
00261179176,007982255
00361167163,008352174
00361167163,003609533
00261148481,000069726
00172486087,004089468
00504339573,009256705
00473986866,000490233
00702316208,000298414
00702316208,001434266
00846029459,005811804
00846029459,009660000
00402121268,005577439
00076392264,003228792
00799040820,001487905
00799040820,009834522
00333499577,008634970
00333499577,002431403
00348833225,002692839
00632498092,003234024
00947142487,005943137
00436439796,004486507
00733666064,004447616
00191464780,009659183
00902274802,009097423
00569208701,006886429
00989007663,000758438
00989007663,001152543
00345510363,000111482
00345510363,003803975
00332861839,003503175
00433358437,003124716
00687042196,007242855
00254937208,002915786
00478452884,000911475
00205622628,009579636
00597547040,008344852
00909611054,009095712
00258311903,001613693
00258311903,005633081
00615113225,000820744
00554193091,004639555
00573376371,009921076
00573376371,009422148
00160993674,006339881
00525736493,001272077
00392033849,001434957
00093000075,006123019
00093000075,003714561
00445836094,007995463
00067665030,009992368
00337809897,009903426
00110862381,005610242
00110862381,000394355
00489170375,001425222
00749462617,001672240
00555255150,004028491
00555255150,000258993
00061068437,003675811
00616953463,001997164
00421042988,000039476
00393232902,000897409
00393232902,007239347
00312177055,003635287
00067890043,004875725
00997946799,000895932
00997946799,004759508
00067030195,008349257
00641028767,002095106
00029741989,002106916
00444444955,009975869
00114044430,003546778
00028622106,000786834
00157107232,002416562
00058621276,006627311
00923170739,004720644
00675306554,002037731
00675306554,009095885
00987957679,001924549
00939446220,006159986
00340634900,009494704
00637228876,006836751
00694874837,002928816
00694874837,005877317
00255834259,009716301
00890893536,001804619
00133123891,006300502
00547931670,008261508
00712549802,002567755
00160576761,007236686
00177069444,000638296
00177069444,000177124
00195816873,005216600
00094399982,008581609
00504849825,000978307
00321953495,005874549
00429355355,001992583
00429355355,005421478
00333204666,005192648
00624993147,007755799
00617731586,000687687
00244024980,001130330
00795997290,004904649
00071013414,003324983
00269943063,001087141
00141647298,001788781
00329306125,004884831
00173802908,003059723
00797145652,005788417
00368962733,004363415
00428746320,001901744
00915912798,003581788
00915912798,002601819
00606930409,008419358
00891420426,007937263
00891420426,003737225
00870443280,009941620
00029564964,002716166
00118309034,009338655
00731432393,004437970
00946121170,008620422
00701595687,009164794
00678000512,000706730
00685018316,001606062
00162060951,003175444
00466965044,000513785
00128572970,009148760
00128572970,006563938
00979190480,006419719
00359678954,002987125
00176993056,004890513
00176993056,003911182
00113301011,006077124
00300114239,006614517
00300114239,005601146
00820225388,008979926
00628734690,005102928
00267122425,005348691
00940224124,000637150
00767720979,001136331
00767720979,003151782
00023692396,002981140
00743933198,001358394
00856785319,009947652
00460096517,003851208
00460096517,009954966
00135382033,001369445
00141590192,003738477
00042690098,002585806
00716704130,007342042
00421759258,005150663
00906005348,009847644
00910763876,002960024
00308604630,004406077
00955837133,004346555
00291925311,005215445
00983683354,006450383
00993447669,004305117
00342302421,000002484
00672142158,007626880
00680340773,001739626
00671629340,005123279
00718947205,003914260
00924504332,005981433
00924504332,007638271
00517378780,003590040
00003925920,005756860
00014414077,006769963
00537851766,002460377
00125590607,003754139
00136975055,007139353
00867059433,002362887
00856696394,005938003
00920973593,005553197
00945935619,009161756
00634679527,005497670
00499085149,001444679
00922312401,004189028
00958768101,003942654
00958768101,003087952
00477089445,004949473
00537054745,002982788
00537054745,004998634
00415851712,009236294
00842938899,007887108
00069557646,009541284
00121891524,009617658
00121891524,000972338
00340166552,003458114
00647001835,002593751
00629315373,005724862
00920044097,003234663
00992783886,007973338
00992783886,008474828
00294289775,001049062
00316766405,008294025
00541189360,003972474
00907693814,002881157
00233823570,009504831
00630322387,007819874
00096256663,004621885
00583900944,009804942
00356449803,000796287
00160329130,006200874
00647583972,004234386
00395571732,006932501
00197350497,005620560
00342986295,007042798
00283024359,001813972
00530660713,000271317
00697875713,008292344
00985371904,009951511
00337096393,000911815
00220540150,007081666
00186249488,004883105
00245375913,007221524
00245375913,005431753
00128867741,006480158
00128867741,008922582
00834621984,007859143
00830095555,009720362
00520140774,001293273
00157321142,002851264
00157321142,003524170
00243779994,002254246
00271515234,007373026
00687696523,003642812
00818471141,001266571
00818471141,002166579
00032117814,005726331
00473377878,004708467
00879892035,006957464
00983345991,001116310
00219702930,001141379
00219702930,004471005
00054088619,001660116
00603127388,009372339
00512939064,002149036
00091669732,007518326
00091669732,009044134
00585504910,006020079
00848371466,001068336
00062291852,009080122
00098200697,002253166
00098200697,009335216
00910430280,007265152
00814623224,000148448
00814623224,003450778
00100251742,006722584
00403409844,000179150
00160903483,004330359
00374501268,004798123
00597748373,004368596
00036330435,009309723
00687141820,003126571
00636464438,007609822
00789546889,002377741
00607886002,007474069
00691708305,008458091
00690329418,000790900
00690329418,000803914
00156850582,008168323
00338069603,004402413
00165819131,007966967
00226643914,001260903
00762712832,007982911
00773885952,007672709
00002911486,003945325
00038212209,001288237
00954946826,003895532
00780954337,007603320
00780954337,008921270
00047160027,004551905
00507086140,004656663
00339725472,008858446
00158169553,006167026
00078897493,009245045
00078897493,008916151
00819356639,004092795
00513716703,007198891
00541348657,007359543
00095064065,000622370
00095064065,004232202
00877531824,004206645
00539321190,008619943
00645559481,006472259
00312741967,007711280
00584331036,009908134
00584331036,004240325
00563610789,005168706
00382305248,007995767
00186697932,009773652
00926830161,001724708
00353789112,004103228
00802274310,009933892
00480070985,006351764
00878062743,004925087
00377265326,007121717
00029639397,009074853
00860507356,004323139
00555283367,003611265
00135259894,008622250
00277581294,001659337
00002970418,007837532
00002970418,001961466
00295587291,001557681
00022503107,009751110
00930512069,004563683
00114163571,006597560
00442864896,006499633
00079363836,002341326
00009501420,005969358
00776790387,003644224
00865714686,008713834
00441601122,001505674
00949254615,001373066
00193602388,002386593
00227762206,007279044
00989772989,004261242
00513916785,004045986
00518445372,004416936
00289004147,003640417
00005929302,008778680
00180948978,006884108
00180948978,002102549
00014596406,007565708
00014596406,007616600
00241989347,004165874
00241989347,003781159
00082566342,004454812
00884946478,008490028
00267787148,008022603
00267787148,001375281
00117360093,005659957
00858285530,006038279
00635646270,002373130
00599372001,007715861
00124312645,001397677
00686095556,001069753
00686095556,003409378
00569878502,000918404
00692800628,007121894
00520649713,002263573
00999058207,002896056
00964133493,000487027
00793184878,005142218
00793184878,004138961
00055714319,009235857
00141543305,000886849
00099922434,004379910
00035274341,007289519
00035274341,000308458
00964951172,003593650
00725579531,002117590
00225956197,004273713
00628012426,005032354
00661443495,006017301
00847345543,009823693
00071270013,005778691
00881400166,003450218
00450854029,009701912
00450854029,000411947
00526131514,004871866
00358644752,008540312
00095283890,002710360
00987994374,005393988
00420108862,008984359
00200067613,007951298
00977955087,009464197
00500487586,005453104
00275170696,008734940
00706512808,008431702
00721097853,004845168
00679401352,008332690
00679401352,007571962
00630595660,006613046
00815702134,000660490
00143490768,006494553
00388004873,003520546
00090683879,006283365
00263349148,003448756
00827423578,003962345
00599351077,002437884
00599351077,001471260
00486655905,001598623
00290562592,007280465
00250977944,002509331
00958845505,004553970
00110796757,007413065
00886846442,009125542
00654725766,000970588
00179523612,006583661
00903541925,007423995
00903541925,008576122
00715132994,009897437
00042629508,008325112
00828476595,004008247
00926478453,001206182
00065520745,005352022
00065520745,000950615
00143489983,006202088
00764486124,001004826
00923639780,007168475
00597206006,007801205
00063516968,002673863
00937001875,007818463
00035183694,001691214
00706244262,004540081
00492426677,003950620
00144370250,007189230
00311824634,004814693
00567567914,003043475
00152642201,004512452
00841533459,009551319
00018382209,003321286
00018382209,004865471
00028661838,000105194
00028661838,006075325
00960453234,000042776
00876469468,008185363
00868075402,009827229
00233617047,009223353
00490809040,008791456
00365827031,003844790
00290754147,005179263
00809065629,004201712
00278033585,000507693
00858751702,002022389
00958727147,002209062
00869165054,001245210
00911883307,004976925
00911883307,002859716
00038123231,004788397
00215996604,001127869
00569643231,009196801
00814511930,004853381
00690907002,007199470
00119139013,006821427
00156282263,009298125
00817823904,001775760
00433792706,004420757
00368008332,002312606
00496929350,003879004
00496929350,006311810
00641109285,009812465
00865260293,002833315
00865260293,006527852
00608491981,002979334
00520222938,004612881
00346767440,002249030
00346767440,005256111
00113831231,003871979
00925308971,000504283
00925308971,008695024
00385240910,005867471
00136414214,000673334
00443539037,000814398
00279041454,004491349
00267920182,004757603
00919396895,009692820
00001888826,004971932
00626440230,008482125
00969727643,007253132
00890020864,004820833
00933128532,006899623
00879593984,008282014
00239496763,002948890
00749909076,006393460
00196567065,001018102
00287988634,006567156
00287988634,009727447
00661013890,008952953
00424020376,009850478
00882224760,006642604
00317142020,000145833
00317142020,001226172
00920113814,009143916
00387353252,001770410
00387353252,007952189
00418488172,008358881
00088674952,003144946
00783400346,008211467
00104272335,004004575
00507552965,002467257
00507552965,007930904
00109858502,007298173
00109858502,004003129
00879928275,003717519
00686222845,001900702
00411349137,006048487
00554113636,007079848
00736345079,004153617
00717351012,009146264
00560122298,005462730
00227905653,001541897
00493269416,007819176
00493269416,009724692
00172160113,008662743
00392898712,007816691
00418797373,002488746
00916865984,000016414
00572791067,006144782
00572791067,008657449
00243099408,007299299
00527962140,009244293
00495319248,006660260
00685789184,001867119
00708032210,007118028
00093095129,002342632
00489709683,003722621
00878086299,009144769
00710183692,009318090
00638568814,006963063
00907033446,009746142
00581802966,000299146
00581802966,005181501
00592135724,007440574
00587110363,007478545
00212345407,007654493
00240697479,004850541
00240697479,000116276
00394283654,007353051
00810099046,008927593
00105063064,006984176
00397601200,001290845
00002483004,000250590
00932799480,004872238
00213395378,006033713
00666923324,008818680
00095546927,009739518
00021684522,008582074
00021684522,003379958
00598718875,002745390
00337018294,004991471
00701911448,007892440
00095650608,006164849
00628655162,008930412
00213884047,009219617
00694045205,006540259
00694045205,005386063
00547082805,002503574
00629272561,006100895
00629272561,005480430
00377348699,000891389
00507866213,008125719
00990333303,004338457
00442343910,008542558
00297568787,002872177
00107545966,005817818
00626698752,008858437
00072176510,006913925
00306449319,009024437
00306449319,007984752
00386379035,003639762
00149776105,009737140
00664588287,007380811
00498056517,000454302
00048486986,008115833
00097731948,002816125
00446832388,001767423
00562201767,002121043
00546409408,000013705
00817110147,004373111
00817110147,007806830
00160563029,007469403
00008130486,008656615
00008130486,007981273
00985235813,001406104
00040818672,003937673
00374967960,002280386
00665004099,001572217
00607498501,006996422
00048709738,003202336
00906210563,004485690
00349742388,002140525
00308646467,005253221
00571382081,007275644
00900492945,003582478
00114020068,003620406
00924288702,004042372
00924288702,000243125
00493698718,006423756
00953333345,004438549
00499429196,003050887
00379163175,002234427
00848358834,003251723
00714991264,002778308
00714991264,002179807
00626066626,001471755
00213427330,000133977
00660970632,003937456
00922422676,000106951
00156330331,003434319
00094581882,008837672
00175267194,007260631
00521216966,008111784
00653454576,001059933
00653454576,005213799
00284075485,002908288
00817935421,006321955
00521659720,006514492
00166179259,000129878
00796487223,008483190
00221529241,007492778
00347948069,002499845
00447624093,008371132
00879510924,004840760
00528866489,002032067
00858132966,005986362
00073864189,005480721
00520487726,004710180
00520487726,006286827
00861140762,002248204
00686981185,001786007
00601325134,008015637
00091303612,005911356
00731220004,003437246
00671424221,003542649
00671424221,001041187
00646307629,005938713
00700467516,008860251
00684073075,007902622
00841240021,001101325
00108640604,001227554
00556252335,009265375
00091236727,009815451
00091236727,004525715
00105940796,009135479
00355055780,003051542
00432246812,007324810
00386328011,009574243
00386328011,003651943
00963414188,004341824
00163156828,004748670
00085008506,003105388
00221286039,006379908
00221286039,004594524
00710147158,003664496
00033009791,007894140
00581409076,007745202
00150241902,008944972
00688166396,007159706
00151208628,009602257
00479102881,002515948
00215441888,003904558
00633478899,004590918
00084373511,001422018
00029347096,000159431
00029347096,004660378
00915813792,004162266
00253393285,007295701
00836446994,008901571
00043603944,007190190
00535729671,007361745
00248917503,009950444
00114150578,001832943
00114150578,004444481
00711360091,000694929
00220301136,009094091
00580526976,001828558
00029124315,005117773
00876085784,003475494
00431750566,004210364
00884889576,002169697
00038555338,002601186
00038555338,002605754
00269223350,004858079
00816029412,002953148
00794877999,005982078
00718850876,000607788
00718850876,003033992
00010755617,007730858
00842316011,007611559
00047268961,009865599
00829689390,004350442
00003004343,002336999
00003004343,005485131
00439802829,008092315
00856753754,007558540
00583347945,002001584
00506907796,002945182
00033596381,007313567
00675084297,007820478
00084535223,003305872
00084535223,001230153
00897134649,001825442
00329234152,009862773
00438279480,006405333
00538506496,003589723
00102282081,005779270
00595665701,007023493
00087232354,002876270
00087232354,007439684
00748093804,002030106
00092224536,006931572
00092224536,008032260
00528948884,002980461
00436572766,007562434
00058897547,009136848
00643572388,002467760
00643572388,003302160
00140784955,003377888
00687063231,008502379
00542564181,007449009
00314573836,008050593
00248049595,008479297
00630536845,000838115
00616290458,003668466
00339117921,005232807
00589230605,001775607
00061232014,008282850
00489070731,004041079
00650174360,008152504
00416239706,006897907
00349515071,000993854
00941102947,002362629
00550775313,001915225
00152723448,001076492
00152723448,006567513
00409387108,000036874
00531183406,004763658
00872731064,005572977
00177762433,008214180
00028552249,008124136
00509724858,008196503
00314926776,000065641
00854496527,005425436
00245995979,005952805
00149636346,003885502
00018686846,004796423
00835786778,003474340
00053388631,007249836
00126306149,002443983
00751439757,007816896
00893946652,001653652
00893946652,004418814
00675239935,004397789
00901703029,000116317
00969203577,006138649
00127516939,001170938
00340678684,004725920
00238929439,006971048
00518792465,004504498
00417769732,007260495
00417769732,009134355
00770402799,004694639
00454891433,003050120
00805273130,007095340
00255803550,001345770
00093527717,004370054
00501589789,004932196
00757324201,003471019
00757324201,007794492
00584294814,003886894
00670601008,000455511
00883206437,006657070
00380791638,002687565
00435916236,002517939
00739395990,001937228
00250428694,000024382
00546301367,004025343
00546301367,007823893
00971656396,001874275
00286219707,008033818
00745580620,002544311
00745580620,007172044
00611830993,009336882
00636698867,008063446
00217791471,007354966
00307235432,005303883
00057849460,002065466
00184259317,000130902
00999910829,003143485
00615865442,000395912
00043763864,004659299
00502323910,003002176
00280994499,008725839
00699058861,003319342
00615454067,007365067
00177443834,003186766
00494776480,007184499
00072812634,000220037
00858808295,006377913
00717168538,004672454
00027919878,007014142
00801859440,004673906
00253154325,001023415
00301037633,001646471
00788536089,000790503
00125130710,005859889
00604849062,005622657
00604849062,006128643
00264154274,003654181
00114913841,004313269
00063201836,001681479
00332732618,002116522
00035692583,001939744
00051704803,006750634
00141450151,001706459
00033241875,009748998
00033241875,003169883
00029294214,009624346
00029294214,000332044
00162231411,008188112
00657039840,003209259
00657039840,009638522
00190339261,003702653
00455054255,006931113
00716140359,001069356
00532437931,003692536
00532437931,009340036
00673838555,009346491
00639329865,004828653
00063230624,009685957
00130389502,003782232
